Product,RM Code,RM Desc, Qty ,Avg Speed ,Width,Production Line
B-MCR-018.0-XX-J,RM3500072,MATT COMPOUND BOPP GRADE MF502H,75,,,FCB: Line-3 (BOPP)
B-MCR-018.0-XX-J,RM3500029,POLYPROPYLENE - MATIF 97 400700DK,71,,,FCB: Line-3 (BOPP)
B-MCR-018.0-XX-J,RM3000040,POLYPROPYLENE - PROPEL 1030FG - PP/ IOCL,792,,,FCB: Line-3 (BOPP)
B-MCR-018.0-XX-J,RM3300269,POLYPROPYLENE - CLYRELL RC 112L,50,,,FCB: Line-3 (BOPP)
B-MCR-018.0-XX-J,RM3500099,POLYPROPYLENE - SKIBLOCK 10 (PP),1,,,FCB: Line-3 (BOPP)
B-MCR-018.0-XX-J,RM3500077,POLYPROPELENE - SKISLAB 2(BOPP),4,,,FCB: Line-3 (BOPP)
B-MCR-018.0-XX-J,RM3500307, ASC-106,7,,,FCB: Line-3 (BOPP)
B-MCR-018.0-XX-B,,,"1,000",400,6.75,
B-MCR-025.0-XX-J,RM3500072,MATT COMPOUND BOPP GRADE MF502H,50,,,FCB: Line-3 (BOPP)
B-MCR-025.0-XX-J,RM3500029,POLYPROPYLENE - MATIF 97 400700DK,51,,,FCB: Line-3 (BOPP)
B-MCR-025.0-XX-J,RM3000040,POLYPROPYLENE - PROPEL 1030FG - PP/ IOCL,847,,,FCB: Line-3 (BOPP)
B-MCR-025.0-XX-J,RM3300269,POLYPROPYLENE - CLYRELL RC 112L,40,,,FCB: Line-3 (BOPP)
B-MCR-025.0-XX-J,RM3500099,POLYPROPYLENE - SKIBLOCK 10 (PP),1,,,FCB: Line-3 (BOPP)
B-MCR-025.0-XX-J,RM3500077,POLYPROPELENE - SKISLAB 2(BOPP),3,,,FCB: Line-3 (BOPP)
B-MCR-025.0-XX-J,RM3500307, ASC-106,8,,,FCB: Line-3 (BOPP)
B-MCR-025.0-XX-B,,,"1,000",280,6.75,
B-MFF-020.0-XX-J,RM3000040,POLYPROPYLENE - PROPEL 1030FG - PP,819,,,FCB: Line-3 (BOPP)
B-MFF-020.0-XX-J,RM3300165,Tafmer-XM7070,26,,,FCB: Line-3 (BOPP)
B-MFF-020.0-XX-J,RM3500099,POLYPROPYLENE - SKIBLOCK 10 (PP),1,,,FCB: Line-3 (BOPP)
B-MFF-020.0-XX-J,RM3300269,RC112L,50,,,FCB: Line-3 (BOPP)
B-MFF-020.0-XX-J,RM3500224,Mattif-55,104,,,FCB: Line-3 (BOPP)
B-MFF-020.0-XX-B,,,"1,000",390,6.75,
B-MHF-018.0-XX-J,RM3000040,POLYPROPYLENE - PROPEL 1030FG - PP,799,,,FCB: Line-3 (BOPP)
B-MHF-018.0-XX-J,RM3300165,Tafmer-XM7070,15,,,FCB: Line-3 (BOPP)
B-MHF-018.0-XX-J,RM3500099,POLYPROPYLENE - SKIBLOCK 10 (PP),1,,,FCB: Line-3 (BOPP)
B-MHF-018.0-XX-J,RM3300269,RC112L,55,,,FCB: Line-3 (BOPP)
B-MHF-018.0-XX-J,RM3300015,POLYPROPYLENE - ELTEX PKS 607(BOPP),36,,,FCB: Line-3 (BOPP)
B-MHF-018.0-XX-J,RM3500224,POLYPROPYLENE - MATIF 55,94,,,FCB: Line-3 (BOPP)
B-MHF-018.0-XX-B,,,"1,000",410,6.75,
B-MLS-018.0-XX-J,RM3000040,POLYPROPYLENE - PROPEL 1030FG - PP,793,,,FCB: Line-3 (BOPP)
B-MLS-018.0-XX-J,RM3500307, ASC-106,7,,,FCB: Line-3 (BOPP)
B-MLS-018.0-XX-J,RM3500099,POLYPROPYLENE - SKIBLOCK 10 (PP),1,,,FCB: Line-3 (BOPP)
B-MLS-018.0-XX-J,RM3300269,RC112L,55,,,FCB: Line-3 (BOPP)
B-MLS-018.0-XX-J,RM3500224,Mattif-55,144,,,FCB: Line-3 (BOPP)
B-MLS-018.0-XX-B,,,"1,000",410,6.75,
B-MLS-020.0-XX-J,RM3000040,POLYPROPYLENE - PROPEL 1030FG - PP,811,,,FCB: Line-3 (BOPP)
B-MLS-020.0-XX-J,RM3500307, ASC-106,8,,,FCB: Line-3 (BOPP)
B-MLS-020.0-XX-J,RM3500099,POLYPROPYLENE - SKIBLOCK 10 (PP),1,,,FCB: Line-3 (BOPP)
B-MLS-020.0-XX-J,RM3300269,RC112L,50,,,FCB: Line-3 (BOPP)
B-MLS-020.0-XX-J,RM3500224,Mattif-55,130,,,FCB: Line-3 (BOPP)
B-MLS-020.0-XX-B,,,"1,000",390,6.75,
B-MNH-018.0-XX-J,RM3000040,POLYPROPYLENE - PROPEL 1030FG - PP,860.3,,,FCB: Line-3 (BOPP)
B-MNH-018.0-XX-J,RM3500307, ASC-106,6.7,,,FCB: Line-3 (BOPP)
B-MNH-018.0-XX-J,RM3500099,POLYPROPYLENE - SKIBLOCK 10 (PP),0.4,,,FCB: Line-3 (BOPP)
B-MNH-018.0-XX-J,RM3300269,RC112L,44,,,FCB: Line-3 (BOPP)
B-MNH-018.0-XX-J,RM3500332,MATT COMPOUND DUL STX-25 IN,88.6,,,FCB: Line-3 (BOPP)
B-MNH-018.0-XX-B,,,"1,000",410,6.75,
B-MNH-020.0-XX-J,RM3000040,POLYPROPYLENE - PROPEL 1030FG - PP,873.6,,,FCB: Line-3 (BOPP)
B-MNH-020.0-XX-J,RM3500307, ASC-106,6.8,,,FCB: Line-3 (BOPP)
B-MNH-020.0-XX-J,RM3500099,POLYPROPYLENE - SKIBLOCK 10 (PP),0.4,,,FCB: Line-3 (BOPP)
B-MNH-020.0-XX-J,RM3300269,RC112L,39.6,,,FCB: Line-3 (BOPP)
B-MNH-020.0-XX-J,RM3500332,MATT COMPOUND DUL STX-25 IN,79.6,,,FCB: Line-3 (BOPP)
B-MNH-020.0-XX-B,,,"1,000",390,6.75,
B-MNT-015.0-XX-J,RM3000040,POLYPROPYLENE - PROPEL 1030FG - PP,892,,,FCB: Line-3 (BOPP)
B-MNT-015.0-XX-J,RM3500307, ASC-106,6,,,FCB: Line-3 (BOPP)
B-MNT-015.0-XX-J,RM3500310,BLOCK 102A,2,,,FCB: Line-3 (BOPP)
B-MNT-015.0-XX-J,RM3500332,MATT COMPOUND DUL STX-25 IN,100,,,FCB: Line-3 (BOPP)
B-MNT-015.0-XX-B,,,"1,000",410,6.75,
B-MNT-018.0-XX-J,RM3000040,POLYPROPYLENE - PROPEL 1030FG - PP,908,,,FCB: Line-3 (BOPP)
B-MNT-018.0-XX-J,RM3500307, ASC-106,6,,,FCB: Line-3 (BOPP)
B-MNT-018.0-XX-J,RM3500310,BLOCK 102A,2,,,FCB: Line-3 (BOPP)
B-MNT-018.0-XX-J,RM3500332,MATT COMPOUND DUL STX-25 IN,84,,,FCB: Line-3 (BOPP)
B-MNT-018.0-XX-B,,,"1,000",410,6.75,
B-MNT-020.0-XX-J,RM3000040,POLYPROPYLENE - PROPEL 1030FG - PP,915,,,FCB: Line-3 (BOPP)
B-MNT-020.0-XX-J,RM3500307, ASC-106,7,,,FCB: Line-3 (BOPP)
B-MNT-020.0-XX-J,RM3500310,BLOCK 102A,2,,,FCB: Line-3 (BOPP)
B-MNT-020.0-XX-J,RM3500332,MATT COMPOUND DUL STX-25 IN,76,,,FCB: Line-3 (BOPP)
B-MNT-020.0-XX-B,,,"1,000",390,6.75,
B-TBL-020.0-XX-J,RM3000090,POLYPROPYLENE - F03RR  (BOPP)/ HMEL,806,,,FCB: Line-3 (BOPP)
B-TBL-020.0-XX-J,RM3500075,POLYPROPELENE - COEXAS 2 (PP),8,,,FCB: Line-3 (BOPP)
B-TBL-020.0-XX-J,RM3300004,POLYPROPYLENE - ADSYL 5C 39F,177,,,FCB: Line-3 (BOPP)
B-TBL-020.0-XX-J,RM3500099,POLYPROPYLENE - SKIBLOCK 10 (PP),5,,,FCB: Line-3 (BOPP)
B-TBL-020.0-XX-J,RM3500099,POLYPROPYLENE - SKIBLOCK 10 (PP),4,,,FCB: Line-3 (BOPP)
B-TBL-020.0-XX-B,,,"1,000",365,6.75,
B-TBO-035.0-XX-J,RM3300004,POLYPROPYLENE - ADSYL 5C 39F,47,,,FCB: Line-3 (BOPP)
B-TBO-035.0-XX-J,RM3500075,POLYPROPELENE - COEXAS 2 (PP),8,,,FCB: Line-3 (BOPP)
B-TBO-035.0-XX-J,RM3000040,POLYPROPYLENE - PROPEL 1030FG - PP/ IOCL,923,,,FCB: Line-3 (BOPP)
B-TBO-035.0-XX-J,RM3300015,POLYPROPYLENE - ELTEX PKS 607(BOPP),19,,,FCB: Line-3 (BOPP)
B-TBO-035.0-XX-J,RM3500099,POLYPROPYLENE - SKIBLOCK 10 (PP),0,,,FCB: Line-3 (BOPP)
B-TBO-035.0-XX-J,RM3500034,POLYPROPYLENE - SATO 62,3,,,FCB: Line-3 (BOPP)
B-TBO-035.0-XX-B,,Not Produced Now,"1,000",180,6.75,
B-TDM-014.0-XX-J,RM3300049,POLYPROPYLENE - COSMOPLENE FS5612L,70,,,FCB: Line-3 (BOPP)
B-TDM-014.0-XX-J,RM3500004,POLYPROPYLENE - ABVT 22 SC,1,,,FCB: Line-3 (BOPP)
B-TDM-014.0-XX-J,B-RGG-0001,RGG,17,,,FCB: Line-3 (BOPP)
B-TDM-014.0-XX-J,RM3000040,POLYPROPYLENE - PROPEL 1030FG - PP/ IOCL,400,,,FCB: Line-3 (BOPP)
B-TDM-014.0-XX-J,RM3000090,POLYPROPYLENE - F03RR  (BOPP)/ HMEL,509,,,FCB: Line-3 (BOPP)
B-TDM-014.0-XX-J,RM3500024,POLYPROPYLENE - HOBLOCK - 10 (PP),3,,,FCB: Line-3 (BOPP)
B-TDM-014.0-XX-B,,Not Produced Now,"1,000",380,6.75,
B-TFF-020.0-XX-J,RM3500004,POLYPROPYLENE - ABVT 22 SC,2,,,FCB: Line-3 (BOPP)
B-TFF-020.0-XX-J,RM3300165,TAFMER XM7070S,21,,,FCB: Line-3 (BOPP)
B-TFF-020.0-XX-J,RM3000040,POLYPROPYLENE - PROPEL 1030FG - PP/ IOCL,809,,,FCB: Line-3 (BOPP)
B-TFF-020.0-XX-J,RM3300015,POLYPROPYLENE - ELTEX PKS 607(BOPP),26,,,FCB: Line-3 (BOPP)
B-TFF-020.0-XX-J,RM3300049,POLYPROPYLENE - COSMOPLENE FS5612L,42,,,FCB: Line-3 (BOPP)
B-TFF-020.0-XX-J,RM3300004,POLYPROPYLENE - ADSYL 5C 39F,94,,,FCB: Line-3 (BOPP)
B-TFF-020.0-XX-J,RM3500099,POLYPROPYLENE - SKIBLOCK 10 (PP),6,,,FCB: Line-3 (BOPP)
B-TFF-020.0-XX-B,,,"1,000",390,6.75,
B-THF-015.0-XX-J,RM3000040,POLYPROPYLENE - PROPEL 1030FG - PP,897,,,FCB: Line-3 (BOPP)
B-THF-015.0-XX-J,RM3300280,POLYPROPYLENE - COSMOPLENE 5714,50,,,FCB: Line-3 (BOPP)
B-THF-015.0-XX-J,RM3300015,POLYPROPYLENE - ELTEX PKS 607(BOPP),26,,,FCB: Line-3 (BOPP)
B-THF-015.0-XX-J,RM3300004,POLYPROPYLENE - ADSYL 5C 39F,25,,,FCB: Line-3 (BOPP)
B-THF-015.0-XX-J,RM3500099,POLYPROPYLENE - SKIBLOCK 10 (PP),2,,,FCB: Line-3 (BOPP)
B-THF-015.0-XX-B,,,"1,000",385,6.75,
B-THF-017.0-XX-J,RM3000040,POLYPROPYLENE - PROPEL 1030FG - PP,909,,,FCB: Line-3 (BOPP)
B-THF-017.0-XX-J,RM3300280,POLYPROPYLENE - COSMOPLENE 5714,44,,,FCB: Line-3 (BOPP)
B-THF-017.0-XX-J,RM3300015,POLYPROPYLENE - ELTEX PKS 607(BOPP),23,,,FCB: Line-3 (BOPP)
B-THF-017.0-XX-J,RM3300004,POLYPROPYLENE - ADSYL 5C 39F,22,,,FCB: Line-3 (BOPP)
B-THF-017.0-XX-J,RM3500099,POLYPROPYLENE - SKIBLOCK 10 (PP),2,,,FCB: Line-3 (BOPP)
B-THF-017.0-XX-B,,,"1,000",395,6.75,
B-THF-018.0-XX-J,RM3000040,POLYPROPYLENE - PROPEL 1030FG - PP,914,,,FCB: Line-3 (BOPP)
B-THF-018.0-XX-J,RM3300280,POLYPROPYLENE - COSMOPLENE 5714,42,,,FCB: Line-3 (BOPP)
B-THF-018.0-XX-J,RM3300015,POLYPROPYLENE - ELTEX PKS 607(BOPP),22,,,FCB: Line-3 (BOPP)
B-THF-018.0-XX-J,RM3300004,POLYPROPYLENE - ADSYL 5C 39F,21,,,FCB: Line-3 (BOPP)
B-THF-018.0-XX-J,RM3500099,POLYPROPYLENE - SKIBLOCK 10 (PP),2,,,FCB: Line-3 (BOPP)
B-THF-018.0-XX-B,,,"1,000",405,6.75,
B-THH-018.0-XX-J,RM3300015,POLYPROPYLENE - ELTEX PKS 607(BOPP),40,,,FCB: Line-3 (BOPP)
B-THH-018.0-XX-J,RM3000040,POLYPROPYLENE - PROPEL 1030FG - PP/ IOCL,894,,,FCB: Line-3 (BOPP)
B-THH-018.0-XX-J,RM3500099,POLYPROPYLENE - SKIBLOCK 10 (PP),1,,,FCB: Line-3 (BOPP)
B-THH-018.0-XX-J,RM3300004,POLYPROPYLENE - ADSYL 5C 39F,27,,,FCB: Line-3 (BOPP)
B-THH-018.0-XX-J,RM3300049,POLYPROPYLENE - COSMOPLENE FS5612L,38,,,FCB: Line-3 (BOPP)
B-THH-018.0-XX-B,,Not Produced now),"1,000",410,6.75,
B-THL-018.0-XX-J,RM3500099,POLYPROPYLENE - SKIBLOCK 10 (PP),0,,,FCB: Line-3 (BOPP)
B-THL-018.0-XX-J,RM3000040,POLYPROPYLENE - PROPEL 1030FG - PP/ IOCL,897,,,FCB: Line-3 (BOPP)
B-THL-018.0-XX-J,RM3300015,POLYPROPYLENE - ELTEX PKS 607(BOPP),24,,,FCB: Line-3 (BOPP)
B-THL-018.0-XX-J,RM3500075,POLYPROPELENE - COEXAS 2 (PP),7,,,FCB: Line-3 (BOPP)
B-THL-018.0-XX-J,RM3500004,POLYPROPYLENE - ABVT 22 SC,2,,,FCB: Line-3 (BOPP)
B-THL-018.0-XX-J,RM3300165,TAFMER XM7070S,3,,,FCB: Line-3 (BOPP)
B-THL-018.0-XX-J,RM3300004,POLYPROPYLENE - ADSYL 5C 39F,68,,,FCB: Line-3 (BOPP)
B-THL-018.0-XX-B,,,"1,000",410,6.75,
B-THL-020.0-XX-J,RM3300015,POLYPROPYLENE - ELTEX PKS 607(BOPP),24,,,FCB: Line-3 (BOPP)
B-THL-020.0-XX-J,RM3000040,POLYPROPYLENE - PROPEL 1030FG - PP/ IOCL,897,,,FCB: Line-3 (BOPP)
B-THL-020.0-XX-J,RM3300165,TAFMER XM7070S,3,,,FCB: Line-3 (BOPP)
B-THL-020.0-XX-J,RM3500004,POLYPROPYLENE - ABVT 22 SC,2,,,FCB: Line-3 (BOPP)
B-THL-020.0-XX-J,RM3500075,POLYPROPELENE - COEXAS 2 (PP),7,,,FCB: Line-3 (BOPP)
B-THL-020.0-XX-J,RM3500099,POLYPROPYLENE - SKIBLOCK 10 (PP),1,,,FCB: Line-3 (BOPP)
B-THL-020.0-XX-J,RM3300004,POLYPROPYLENE - ADSYL 5C 39F,68,,,FCB: Line-3 (BOPP)
B-THL-020.0-XX-B,,,"1,000",390,6.75,
B-THL-025.0-XX-J,RM3500004,POLYPROPYLENE - ABVT 22 SC,2,,,FCB: Line-3 (BOPP)
B-THL-025.0-XX-J,RM3300004,POLYPROPYLENE - ADSYL 5C 39F,71,,,FCB: Line-3 (BOPP)
B-THL-025.0-XX-J,RM3500075,POLYPROPELENE - COEXAS 2 (PP),7,,,FCB: Line-3 (BOPP)
B-THL-025.0-XX-J,RM3000040,POLYPROPYLENE - PROPEL 1030FG - PP/ IOCL,896,,,FCB: Line-3 (BOPP)
B-THL-025.0-XX-J,RM3300015,POLYPROPYLENE - ELTEX PKS 607(BOPP),24,,,FCB: Line-3 (BOPP)
B-THL-025.0-XX-B,,,"1,000",285,6.75,
B-THO-020.0-XX-J,RM3000040,POLYPROPYLENE - PROPEL 1030FG - PP,811.5,,,FCB: Line-3 (BOPP)
B-THO-020.0-XX-J,RM3300049,POLYPROPYLENE - COSMOPLENE FS5612L,35.2,,,FCB: Line-3 (BOPP)
B-THO-020.0-XX-J,B-RGG-0001,RGG,91.5,,,FCB: Line-3 (BOPP)
B-THO-020.0-XX-J,RM3300269,POLYPROPYLENE - CLYRELL RC 112L,18,,,FCB: Line-3 (BOPP)
B-THO-020.0-XX-J,RM3300267,POLYPROPYLENE - CLYRELL RC 6142,26.6,,,FCB: Line-3 (BOPP)
B-THO-020.0-XX-J,RM3500308,POLYPROPELENE - COBLASC 206 AA,11.9,,,FCB: Line-3 (BOPP)
B-THO-020.0-XX-J,RM3500265,SATO,2.8,,,FCB: Line-3 (BOPP)
B-THO-020.0-XX-J,RM3500099,POLYPROPYLENE - SKIBLOCK 10 (PP),0.5,,,FCB: Line-3 (BOPP)
B-THO-020.0-XX-J,RM3300165,TAFMER XM7070S,2,,,FCB: Line-3 (BOPP)
B-THO-020.0-XX-B,,,"1,000",380,6.75,
B-THS-015.0-XX-J,RM3000040,POLYPROPYLENE - PROPEL 1030FG - PP,579.9,,,FCB: Line-3 (BOPP)
B-THS-015.0-XX-J,RM3300049,POLYPROPYLENE - COSMOPLENE FS5612L,49.1,,,FCB: Line-3 (BOPP)
B-THS-015.0-XX-J,B-RGG-0001,RGG,295.3,,,FCB: Line-3 (BOPP)
B-THS-015.0-XX-J,RM3300269,POLYPROPYLENE - CLYRELL RC 112L,24,,,FCB: Line-3 (BOPP)
B-THS-015.0-XX-J,RM3300267,POLYPROPYLENE - CLYRELL RC 6142,35.4,,,FCB: Line-3 (BOPP)
B-THS-015.0-XX-J,RM3500308,POLYPROPELENE - COBLASC 206 AA,11.5,,,FCB: Line-3 (BOPP)
B-THS-015.0-XX-J,RM3500265,POLYPROPELENE -2C01 A,2.1,,,FCB: Line-3 (BOPP)
B-THS-015.0-XX-J,RM3500099,POLYPROPYLENE - SKIBLOCK 10 (PP),0.6,,,FCB: Line-3 (BOPP)
B-THS-015.0-XX-J,RM3300165,TAFMER XM7070S,2.1,,,FCB: Line-3 (BOPP)
B-THS-015.0-XX-B,,,"1,000",400,6.75,
B-THS-017.0-XX-J,RM3000040,POLYPROPYLENE - PROPEL 1030FG - PP,588.6,,,FCB: Line-3 (BOPP)
B-THS-017.0-XX-J,RM3300049,POLYPROPYLENE - COSMOPLENE FS5612L,43.1,,,FCB: Line-3 (BOPP)
B-THS-017.0-XX-J,B-RGG-0001,RGG,299.7,,,FCB: Line-3 (BOPP)
B-THS-017.0-XX-J,RM3300269,POLYPROPYLENE - CLYRELL RC 112L,21.2,,,FCB: Line-3 (BOPP)
B-THS-017.0-XX-J,RM3300267,POLYPROPYLENE - CLYRELL RC 6142,31.2,,,FCB: Line-3 (BOPP)
B-THS-017.0-XX-J,RM3500308,POLYPROPELENE - COBLASC 206 AA,11.7,,,FCB: Line-3 (BOPP)
B-THS-017.0-XX-J,RM3500265,POLYPROPELENE -2C01 A,2.1,,,FCB: Line-3 (BOPP)
B-THS-017.0-XX-J,RM3500099,POLYPROPYLENE - SKIBLOCK 10 (PP),0.5,,,FCB: Line-3 (BOPP)
B-THS-017.0-XX-J,RM3300165,TAFMER XM7070S,1.9,,,FCB: Line-3 (BOPP)
B-THS-017.0-XX-B,,,"1,000",410,6.75,
B-THS-018.0-XX-J,RM3000040,POLYPROPYLENE - PROPEL 1030FG - PP,592.1,,,FCB: Line-3 (BOPP)
B-THS-018.0-XX-J,RM3300049,POLYPROPYLENE - COSMOPLENE FS5612L,40.7,,,FCB: Line-3 (BOPP)
B-THS-018.0-XX-J,B-RGG-0001,RGG,301.6,,,FCB: Line-3 (BOPP)
B-THS-018.0-XX-J,RM3300269,POLYPROPYLENE - CLYRELL RC 112L,20,,,FCB: Line-3 (BOPP)
B-THS-018.0-XX-J,RM3300267,POLYPROPYLENE - CLYRELL RC 6142,29.5,,,FCB: Line-3 (BOPP)
B-THS-018.0-XX-J,RM3500308,POLYPROPELENE - COBLASC 206 AA,11.8,,,FCB: Line-3 (BOPP)
B-THS-018.0-XX-J,RM3500265,POLYPROPELENE -2C01 A,2,,,FCB: Line-3 (BOPP)
B-THS-018.0-XX-J,RM3500099,POLYPROPYLENE - SKIBLOCK 10 (PP),0.5,,,FCB: Line-3 (BOPP)
B-THS-018.0-XX-J,RM3300165,TAFMER XM7070S,1.8,,,FCB: Line-3 (BOPP)
B-THS-018.0-XX-B,,,"1,000",410,6.75,
B-THS-020.0-XX-J,RM3000040,POLYPROPYLENE - PROPEL 1030FG - PP,598.3,,,FCB: Line-3 (BOPP)
B-THS-020.0-XX-J,RM3300049,POLYPROPYLENE - COSMOPLENE FS5612L,36.6,,,FCB: Line-3 (BOPP)
B-THS-020.0-XX-J,B-RGG-0001,RGG,304.7,,,FCB: Line-3 (BOPP)
B-THS-020.0-XX-J,RM3300269,POLYPROPYLENE - CLYRELL RC 112L,18,,,FCB: Line-3 (BOPP)
B-THS-020.0-XX-J,RM3300267,POLYPROPYLENE - CLYRELL RC 6142,26.6,,,FCB: Line-3 (BOPP)
B-THS-020.0-XX-J,RM3500308,POLYPROPELENE - COBLASC 206 AA,11.9,,,FCB: Line-3 (BOPP)
B-THS-020.0-XX-J,RM3500265,POLYPROPELENE -2C01 A,1.8,,,FCB: Line-3 (BOPP)
B-THS-020.0-XX-J,RM3500099,POLYPROPYLENE - SKIBLOCK 10 (PP),0.5,,,FCB: Line-3 (BOPP)
B-THS-020.0-XX-J,RM3300165,TAFMER XM7070S,1.6,,,FCB: Line-3 (BOPP)
B-THS-020.0-XX-B,,,"1,000",390,6.75,
B-THS-025.0-XX-J,RM3000040,POLYPROPYLENE - PROPEL 1030FG - PP,640.3,,,FCB: Line-3 (BOPP)
B-THS-025.0-XX-J,RM3300049,POLYPROPYLENE - COSMOPLENE FS5612L,29.9,,,FCB: Line-3 (BOPP)
B-THS-025.0-XX-J,B-RGG-0001,RGG,279.6,,,FCB: Line-3 (BOPP)
B-THS-025.0-XX-J,RM3300269,POLYPROPYLENE - CLYRELL RC 112L,14.4,,,FCB: Line-3 (BOPP)
B-THS-025.0-XX-J,RM3300267,POLYPROPYLENE - CLYRELL RC 6142,21.2,,,FCB: Line-3 (BOPP)
B-THS-025.0-XX-J,RM3500308,POLYPROPELENE - COBLASC 206 AA,12.1,,,FCB: Line-3 (BOPP)
B-THS-025.0-XX-J,RM3500265,POLYPROPELENE -2C01 A,0.8,,,FCB: Line-3 (BOPP)
B-THS-025.0-XX-J,RM3500099,POLYPROPYLENE - SKIBLOCK 10 (PP),0.4,,,FCB: Line-3 (BOPP)
B-THS-025.0-XX-J,RM3300165,TAFMER XM7070S,1.3,,,FCB: Line-3 (BOPP)
B-THS-025.0-XX-B,,,"1,000",300,6.75,
B-THS-030.0-XX-J,RM3000040,POLYPROPYLENE - PROPEL 1030FG - PP,648,,,FCB: Line-3 (BOPP)
B-THS-030.0-XX-J,RM3300049,POLYPROPYLENE - COSMOPLENE FS5612L,25.1,,,FCB: Line-3 (BOPP)
B-THS-030.0-XX-J,B-RGG-0001,RGG,283,,,FCB: Line-3 (BOPP)
B-THS-030.0-XX-J,RM3300269,POLYPROPYLENE - CLYRELL RC 112L,12,,,FCB: Line-3 (BOPP)
B-THS-030.0-XX-J,RM3300267,POLYPROPYLENE - CLYRELL RC 6142,17.7,,,FCB: Line-3 (BOPP)
B-THS-030.0-XX-J,RM3500308,POLYPROPELENE - COBLASC 206 AA,12.3,,,FCB: Line-3 (BOPP)
B-THS-030.0-XX-J,RM3500265,POLYPROPELENE -2C01 A,0.5,,,FCB: Line-3 (BOPP)
B-THS-030.0-XX-J,RM3500099,POLYPROPYLENE - SKIBLOCK 10 (PP),0.3,,,FCB: Line-3 (BOPP)
B-THS-030.0-XX-J,RM3300165,TAFMER XM7070S,1.1,,,FCB: Line-3 (BOPP)
B-THS-030.0-XX-B,,,"1,000",250,6.75,
B-THS-035.0-XX-J,RM3000040,POLYPROPYLENE - PROPEL 1030FG - PP,653.5,,,FCB: Line-3 (BOPP)
B-THS-035.0-XX-J,RM3300049,POLYPROPYLENE - COSMOPLENE FS5612L,21.5,,,FCB: Line-3 (BOPP)
B-THS-035.0-XX-J,B-RGG-0001,RGG,285.4,,,FCB: Line-3 (BOPP)
B-THS-035.0-XX-J,RM3300269,POLYPROPYLENE - CLYRELL RC 112L,10.3,,,FCB: Line-3 (BOPP)
B-THS-035.0-XX-J,RM3300267,POLYPROPYLENE - CLYRELL RC 6142,15.2,,,FCB: Line-3 (BOPP)
B-THS-035.0-XX-J,RM3500308,POLYPROPELENE - COBLASC 206 AA,12.4,,,FCB: Line-3 (BOPP)
B-THS-035.0-XX-J,RM3500265,POLYPROPELENE -2C01 A,0.5,,,FCB: Line-3 (BOPP)
B-THS-035.0-XX-J,RM3500099,POLYPROPYLENE - SKIBLOCK 10 (PP),0.3,,,FCB: Line-3 (BOPP)
B-THS-035.0-XX-J,RM3300165,TAFMER XM7070S,0.9,,,FCB: Line-3 (BOPP)
B-THS-035.0-XX-B,,,"1,000",180,6.75,
B-TLP-015.0-XX-J,RM3500075,POLYPROPELENE - COEXAS 2 (PP),9,,,FCB: Line-3 (BOPP)
B-TLP-015.0-XX-J,RM3300015,POLYPROPYLENE - ELTEX PKS 607(BOPP),35,,,FCB: Line-3 (BOPP)
B-TLP-015.0-XX-J,RM3300004,POLYPROPYLENE - ADSYL 5C 39F,88,,,FCB: Line-3 (BOPP)
B-TLP-015.0-XX-J,RM3500004,POLYPROPYLENE - ABVT 22 SC,3,,,FCB: Line-3 (BOPP)
B-TLP-015.0-XX-J,RM3000040,POLYPROPYLENE - PROPEL 1030FG - PP/ IOCL,865,,,FCB: Line-3 (BOPP)
B-TLP-015.0-XX-B,,,"1,000",400,6.75,
B-TLS-017.0-XX-J,RM3300165,TAFMER XM7070S,12,,,FCB: Line-3 (BOPP)
B-TLS-017.0-XX-J,RM3500004,POLYPROPYLENE - ABVT 22 SC,2,,,FCB: Line-3 (BOPP)
B-TLS-017.0-XX-J,RM3000040,POLYPROPYLENE - PROPEL 1030FG - PP/ IOCL,879,,,FCB: Line-3 (BOPP)
B-TLS-017.0-XX-J,RM3500075,POLYPROPELENE - COEXAS 2 (PP),9,,,FCB: Line-3 (BOPP)
B-TLS-017.0-XX-J,RM3300015,POLYPROPYLENE - ELTEX PKS 607(BOPP),45,,,FCB: Line-3 (BOPP)
B-TLS-017.0-XX-J,RM3500099,POLYPROPYLENE - SKIBLOCK 10 (PP),1,,,FCB: Line-3 (BOPP)
B-TLS-017.0-XX-J,RM3300004,POLYPROPYLENE - ADSYL 5C 39F,54,,,FCB: Line-3 (BOPP)
B-TLS-017.0-XX-B,,,"1,000",410,6.75,
B-TLS-018.0-XX-J,RM3500099,POLYPROPYLENE - SKIBLOCK 10 (PP),1,,,FCB: Line-3 (BOPP)
B-TLS-018.0-XX-J,RM3300004,POLYPROPYLENE - ADSYL 5C 39F,51,,,FCB: Line-3 (BOPP)
B-TLS-018.0-XX-J,RM3300165,TAFMER XM7070S,11,,,FCB: Line-3 (BOPP)
B-TLS-018.0-XX-J,RM3500004,POLYPROPYLENE - ABVT 22 SC,1,,,FCB: Line-3 (BOPP)
B-TLS-018.0-XX-J,RM3000040,POLYPROPYLENE - PROPEL 1030FG - PP/ IOCL,886,,,FCB: Line-3 (BOPP)
B-TLS-018.0-XX-J,RM3300015,POLYPROPYLENE - ELTEX PKS 607(BOPP),42,,,FCB: Line-3 (BOPP)
B-TLS-018.0-XX-J,RM3500075,POLYPROPELENE - COEXAS 2 (PP),9,,,FCB: Line-3 (BOPP)
B-TLS-018.0-XX-B,,,"1,000",410,6.75,
B-TMP-018.0-XX-J,RM3500099,POLYPROPYLENE - SKIBLOCK 10 (PP),0,,,FCB: Line-3 (BOPP)
B-TMP-018.0-XX-J,RM3300004,POLYPROPYLENE - ADSYL 5C 39F,39,,,FCB: Line-3 (BOPP)
B-TMP-018.0-XX-J,B-RGG-0001,RGG,133,,,FCB: Line-3 (BOPP)
B-TMP-018.0-XX-J,RM3500015,POLYPROPYLENE - ASCORE 3,4,,,FCB: Line-3 (BOPP)
B-TMP-018.0-XX-J,RM3500310,BLOCK 102A,1,,,FCB: Line-3 (BOPP)
B-TMP-018.0-XX-J,RM3000040,POLYPROPYLENE - PROPEL 1030FG - PP/ IOCL,806,,,FCB: Line-3 (BOPP)
B-TMP-018.0-XX-J,RM3300015,POLYPROPYLENE - ELTEX PKS 607(BOPP),17,,,FCB: Line-3 (BOPP)
B-TMP-018.0-XX-B,,,"1,000",360,6.75,
B-TMQ-018.0-XX-J,RM3300049,POLYPROPYLENE - COSMOPLENE FS5612L,18,,,FCB: Line-3 (BOPP)
B-TMQ-018.0-XX-J,RM3500099,POLYPROPYLENE - SKIBLOCK 10 (PP),3,,,FCB: Line-3 (BOPP)
B-TMQ-018.0-XX-J,RM3500004,POLYPROPYLENE - ABVT 22 SC,7,,,FCB: Line-3 (BOPP)
B-TMQ-018.0-XX-J,RM3000040,POLYPROPYLENE - PROPEL 1030FG - PP/ IOCL,816,,,FCB: Line-3 (BOPP)
B-TMQ-018.0-XX-J,RM3300004,POLYPROPYLENE - ADSYL 5C 39F,97,,,FCB: Line-3 (BOPP)
B-TMQ-018.0-XX-J,RM3300165,TAFMER XM7070S,22,,,FCB: Line-3 (BOPP)
B-TMQ-018.0-XX-J,RM3500288,ADMER QF500T,8,,,FCB: Line-3 (BOPP)
B-TMQ-018.0-XX-J,RM3300015,POLYPROPYLENE - ELTEX PKS 607(BOPP),29,,,FCB: Line-3 (BOPP)
B-TMQ-018.0-XX-B,,Not Produced now,"1,000",390,6.75,
B-TNC-020.0-XX-J,RM3000040,POLYPROPYLENE - PROPEL 1030FG - PP/ IOCL,995,,,FCB: Line-3 (BOPP)
B-TNC-020.0-XX-J,RM3500024,POLYPROPYLENE - HOBLOCK - 10 (PP),3,,,FCB: Line-3 (BOPP)
B-TNC-020.0-XX-J,RM3500015,POLYPROPYLENE - ASCORE 3,2,,,FCB: Line-3 (BOPP)
B-TNC-020.0-XX-B,,,"1,000",370,6.75,
B-TNF-015.0-XX-J,RM3000040,POLYPROPYLENE - PROPEL 1030FG - PP/ IOCL,997,,,FCB: Line-3 (BOPP)
B-TNF-015.0-XX-J,RM3500024,POLYPROPYLENE - HOBLOCK - 10 (PP),3,,,FCB: Line-3 (BOPP)
B-TNF-015.0-XX-B,,,"1,000",370,6.75,
B-TNF-018.0-XX-J,RM3500024,POLYPROPYLENE - HOBLOCK - 10 (PP),2,,,FCB: Line-3 (BOPP)
B-TNF-018.0-XX-J,RM3300015,POLYPROPYLENE - ELTEX PKS 607(BOPP),12,,,FCB: Line-3 (BOPP)
B-TNF-018.0-XX-J,RM3000040,POLYPROPYLENE - PROPEL 1030FG - PP/ IOCL,986,,,FCB: Line-3 (BOPP)
B-TNF-018.0-XX-B,,,"1,000",370,6.75,
B-TNP-015.0-XX-J,RM3000090,POLYPROPYLENE - PROPEL 1030FG - PP,726.2,,,FCB: Line-3 (BOPP)
B-TNP-015.0-XX-J,B-RGG-0001,RGG,264.5,,,FCB: Line-3 (BOPP)
B-TNP-015.0-XX-J,RM3500307, ASC-106,6.8,,,FCB: Line-3 (BOPP)
B-TNP-015.0-XX-J,RM3500310,BLOCK 102A,2.5,,,FCB: Line-3 (BOPP)
B-TNP-015.0-XX-B,,,"1,000",410,6.75,
B-TNP-017.0-XX-J,RM3000090,POLYPROPYLENE - PROPEL 1030FG - PP,709.3,,,FCB: Line-3 (BOPP)
B-TNP-017.0-XX-J,B-RGG-0001,RGG,281.6,,,FCB: Line-3 (BOPP)
B-TNP-017.0-XX-J,RM3500307, ASC-106,7,,,FCB: Line-3 (BOPP)
B-TNP-017.0-XX-J,RM3500310,BLOCK 102A,2.1,,,FCB: Line-3 (BOPP)
B-TNP-017.0-XX-B,,,"1,000",410,6.75,
B-TNP-018.0-XX-J,RM3000090,POLYPROPYLENE - PROPEL 1030FG - PP,707.2,,,FCB: Line-3 (BOPP)
B-TNP-018.0-XX-J,B-RGG-0001,RGG,283.8,,,FCB: Line-3 (BOPP)
B-TNP-018.0-XX-J,RM3500307, ASC-106,7.1,,,FCB: Line-3 (BOPP)
B-TNP-018.0-XX-J,RM3500310,BLOCK 102A,1.9,,,FCB: Line-3 (BOPP)
B-TNP-018.0-XX-B,,,"1,000",410,6.75,
B-TNP-020.0-XX-J,RM3000090,POLYPROPYLENE - PROPEL 1030FG - PP,707.6,,,FCB: Line-3 (BOPP)
B-TNP-020.0-XX-J,B-RGG-0001,RGG,283.3,,,FCB: Line-3 (BOPP)
B-TNP-020.0-XX-J,RM3500307, ASC-106,7.1,,,FCB: Line-3 (BOPP)
B-TNP-020.0-XX-J,RM3500310,BLOCK 102A,2,,,FCB: Line-3 (BOPP)
B-TNP-020.0-XX-B,,,"1,000",390,6.75,
B-TNP-025.0-XX-J,RM3000090,POLYPROPYLENE - PROPEL 1030FG - PP,707.4,,,FCB: Line-3 (BOPP)
B-TNP-025.0-XX-J,B-RGG-0001,RGG,283.6,,,FCB: Line-3 (BOPP)
B-TNP-025.0-XX-J,RM3500307, ASC-106,7.1,,,FCB: Line-3 (BOPP)
B-TNP-025.0-XX-J,RM3500310,BLOCK 102A,2,,,FCB: Line-3 (BOPP)
B-TNP-025.0-XX-B,,,"1,000",300,6.75,
B-TNP-030.0-XX-J,RM3000090,POLYPROPYLENE - PROPEL 1030FG - PP,707.2,,,FCB: Line-3 (BOPP)
B-TNP-030.0-XX-J,B-RGG-0001,RGG,283.8,,,FCB: Line-3 (BOPP)
B-TNP-030.0-XX-J,RM3500307, ASC-106,7.1,,,FCB: Line-3 (BOPP)
B-TNP-030.0-XX-J,RM3500310,BLOCK 102A,1.9,,,FCB: Line-3 (BOPP)
B-TNP-030.0-XX-B,,Not Produced now,"1,000",250,6.75,
B-TNT-015.0-XX-J,RM3000090,POLYPROPYLENE - PROPEL 1030FG - PP,714.2,,,FCB: Line-3 (BOPP)
B-TNT-015.0-XX-J,B-RGG-0001,RGG,276.5,,,FCB: Line-3 (BOPP)
B-TNT-015.0-XX-J,RM3500307, ASC-106,6.9,,,FCB: Line-3 (BOPP)
B-TNT-015.0-XX-J,RM3500310,BLOCK 102A,2.3,,,FCB: Line-3 (BOPP)
B-TNT-015.0-XX-B,,,"1,000",410,6.75,
B-TNT-017.0-XX-J,RM3000090,POLYPROPYLENE - PROPEL 1030FG - PP,711.4,,,FCB: Line-3 (BOPP)
B-TNT-017.0-XX-J,B-RGG-0001,RGG,279.4,,,FCB: Line-3 (BOPP)
B-TNT-017.0-XX-J,RM3500307, ASC-106,7,,,FCB: Line-3 (BOPP)
B-TNT-017.0-XX-J,RM3500310,BLOCK 102A,2.2,,,FCB: Line-3 (BOPP)
B-TNT-017.0-XX-B,,,"1,000",410,6.75,
B-TNT-018.0-XX-J,RM3000090,POLYPROPYLENE - PROPEL 1030FG - PP,709.3,,,FCB: Line-3 (BOPP)
B-TNT-018.0-XX-J,B-RGG-0001,RGG,281.6,,,FCB: Line-3 (BOPP)
B-TNT-018.0-XX-J,RM3500307, ASC-106,7,,,FCB: Line-3 (BOPP)
B-TNT-018.0-XX-J,RM3500310,BLOCK 102A,2.1,,,FCB: Line-3 (BOPP)
B-TNT-018.0-XX-B,,,"1,000",410,6.75,
B-TNT-020.0-XX-J,RM3000090,POLYPROPYLENE - PROPEL 1030FG - PP,705.5,,,FCB: Line-3 (BOPP)
B-TNT-020.0-XX-J,B-RGG-0001,RGG,285.5,,,FCB: Line-3 (BOPP)
B-TNT-020.0-XX-J,RM3500307, ASC-106,7.1,,,FCB: Line-3 (BOPP)
B-TNT-020.0-XX-J,RM3500310,BLOCK 102A,1.9,,,FCB: Line-3 (BOPP)
,,,,,,FCB: Line-3 (BOPP)
,,,,,,FCB: Line-3 (BOPP)
B-TNT-020.0-XX-B,,,"1,000",390,6.75,
B-TNT-025.0-XX-J,RM3000090,POLYPROPYLENE - PROPEL 1030FG - PP,707.4,,,FCB: Line-3 (BOPP)
B-TNT-025.0-XX-J,B-RGG-0001,RGG,283.6,,,FCB: Line-3 (BOPP)
B-TNT-025.0-XX-J,RM3500307, ASC-106,7.1,,,FCB: Line-3 (BOPP)
B-TNT-025.0-XX-J,RM3500310,BLOCK 102A,2,,,FCB: Line-3 (BOPP)
,,,,,,FCB: Line-3 (BOPP)
,,,,,,FCB: Line-3 (BOPP)
B-TNT-025.0-XX-B,,,"1,000",305,6.75,
B-TRP-015.0-XX-J,RM3000090,POLYPROPYLENE - PROPEL 1030FG - PP,714.2,,,FCB: Line-3 (BOPP)
B-TRP-015.0-XX-J,B-RGG-0001,RGG,276.5,,,FCB: Line-3 (BOPP)
B-TRP-015.0-XX-J,RM3500307, ASC-106,6.9,,,FCB: Line-3 (BOPP)
B-TRP-015.0-XX-J,RM3500310,BLOCK 102A,2.3,,,FCB: Line-3 (BOPP)
,,,,,,FCB: Line-3 (BOPP)
B-TRP-015.0-XX-B,,,"1,000",410,6.75,
B-TRP-020.0-XX-J,RM3000090,POLYPROPYLENE - PROPEL 1030FG - PP,705.5,,,FCB: Line-3 (BOPP)
B-TRP-020.0-XX-J,B-RGG-0001,RGG,285.5,,,FCB: Line-3 (BOPP)
B-TRP-020.0-XX-J,RM3500307, ASC-106,7.1,,,FCB: Line-3 (BOPP)
B-TRP-020.0-XX-J,RM3500310,BLOCK 102A,1.9,,,FCB: Line-3 (BOPP)
,,,,,,FCB: Line-3 (BOPP)
B-TRP-020.0-XX-B,,,"1,000",410,6.75,
B-TSS-020.0-XX-J,RM3000040,POLYPROPYLENE - PROPEL 1030FG - PP,598.3,,,FCB: Line-3 (BOPP)
B-TSS-020.0-XX-J,RM3300049,POLYPROPYLENE - COSMOPLENE FS5612L,35.6,,,FCB: Line-3 (BOPP)
B-TSS-020.0-XX-J,B-RGG-0001,RGG,304.7,,,FCB: Line-3 (BOPP)
B-TSS-020.0-XX-J,RM3300269,POLYPROPYLENE - CLYRELL RC 112L,18,,,FCB: Line-3 (BOPP)
B-TSS-020.0-XX-J,RM3300267,POLYPROPYLENE - CLYRELL RC 6142,26.6,,,FCB: Line-3 (BOPP)
B-TSS-020.0-XX-J,RM3500308,POLYPROPELENE - COBLASC 206 AA,11.9,,,FCB: Line-3 (BOPP)
B-TSS-020.0-XX-J,RM3500265,SATO,2.8,,,FCB: Line-3 (BOPP)
B-TSS-020.0-XX-J,RM3500099,POLYPROPYLENE - SKIBLOCK 10 (PP),0.5,,,FCB: Line-3 (BOPP)
B-TSS-020.0-XX-J,RM3300165,TAFMER XM7070S,1.6,,,FCB: Line-3 (BOPP)
B-TSS-020.0-XX-B,,Cheaper CP,"1,000",390,6.75,
B-TSS-025.0-XX-J,RM3000040,POLYPROPYLENE - PROPEL 1030FG - PP,609.5,,,FCB: Line-3 (BOPP)
B-TSS-025.0-XX-J,RM3300049,POLYPROPYLENE - COSMOPLENE FS5612L,28.8,,,FCB: Line-3 (BOPP)
B-TSS-025.0-XX-J,B-RGG-0001,RGG,310.4,,,FCB: Line-3 (BOPP)
B-TSS-025.0-XX-J,RM3300269,POLYPROPYLENE - CLYRELL RC 112L,14.4,,,FCB: Line-3 (BOPP)
B-TSS-025.0-XX-J,RM3300267,POLYPROPYLENE - CLYRELL RC 6142,21.2,,,FCB: Line-3 (BOPP)
B-TSS-025.0-XX-J,RM3500308,POLYPROPELENE - COBLASC 206 AA,12.1,,,FCB: Line-3 (BOPP)
B-TSS-025.0-XX-J,RM3500265,SATO,1.9,,,FCB: Line-3 (BOPP)
B-TSS-025.0-XX-J,RM3500099,POLYPROPYLENE - SKIBLOCK 10 (PP),0.4,,,FCB: Line-3 (BOPP)
B-TSS-025.0-XX-J,RM3300165,TAFMER XM7070S,1.3,,,FCB: Line-3 (BOPP)
B-TSS-025.0-XX-B,,Cheaper CP,"1,000",300,6.75,
B-TSS-030.0-XX-J,RM3000040,POLYPROPYLENE - PROPEL 1030FG - PP,616.9,,,FCB: Line-3 (BOPP)
B-TSS-030.0-XX-J,RM3300049,POLYPROPYLENE - COSMOPLENE FS5612L,24.1,,,FCB: Line-3 (BOPP)
B-TSS-030.0-XX-J,B-RGG-0001,RGG,314.1,,,FCB: Line-3 (BOPP)
B-TSS-030.0-XX-J,RM3300269,POLYPROPYLENE - CLYRELL RC 112L,12,,,FCB: Line-3 (BOPP)
B-TSS-030.0-XX-J,RM3300267,POLYPROPYLENE - CLYRELL RC 6142,17.7,,,FCB: Line-3 (BOPP)
B-TSS-030.0-XX-J,RM3500308,POLYPROPELENE - COBLASC 206 AA,12.3,,,FCB: Line-3 (BOPP)
B-TSS-030.0-XX-J,RM3500265,SATO,1.5,,,FCB: Line-3 (BOPP)
B-TSS-030.0-XX-J,RM3500099,POLYPROPYLENE - SKIBLOCK 10 (PP),0.3,,,FCB: Line-3 (BOPP)
B-TSS-030.0-XX-J,RM3300165,TAFMER XM7070S,1.1,,,FCB: Line-3 (BOPP)
B-TSS-030.0-XX-B,,Cheaper CP,"1,000",260,6.75,
B-TSV-018.0-XX-J,RM3000040,POLYPROPYLENE - PROPEL 1030FG - PP/ IOCL,939,,,FCB: Line-3 (BOPP)
B-TSV-018.0-XX-J,RM3500004,POLYPROPYLENE - ABVT 22 SC,2,,,FCB: Line-3 (BOPP)
B-TSV-018.0-XX-J,RM3300015,POLYPROPYLENE - ELTEX PKS 607(BOPP),32,,,FCB: Line-3 (BOPP)
B-TSV-018.0-XX-J,RM3500024,POLYPROPYLENE - HOBLOCK - 10 (PP),6,,,FCB: Line-3 (BOPP)
B-TSV-018.0-XX-J,RM3300004,POLYPROPYLENE - ADSYL 5C 39F,22,,,FCB: Line-3 (BOPP)
,,,,,,FCB: Line-3 (BOPP)
B-TSV-018.0-XX-B,,Not produced Now,"1,000",390,6.75,
B-TTH-018.0-XX-J,RM3000040,POLYPROPYLENE - PROPEL 1030FG - PP/ IOCL,672,,,FCB: Line-3 (BOPP)
B-TTH-018.0-XX-J,B-RGG-0001,RGG,231,,,FCB: Line-3 (BOPP)
B-TTH-018.0-XX-J,RM3300049,POLYPROPYLENE - COSMOPLENE FS5612L,11,,,FCB: Line-3 (BOPP)
B-TTH-018.0-XX-J,RM3300004,POLYPROPYLENE - ADSYL 5C 39F,48,,,FCB: Line-3 (BOPP)
B-TTH-018.0-XX-J,RM3500015,POLYPROPYLENE - ASCORE 3,24,,,FCB: Line-3 (BOPP)
B-TTH-018.0-XX-J,RM3500308,COBLASC 206 AA,12,,,FCB: Line-3 (BOPP)
B-TTH-018.0-XX-J,RM3500265,POLYPROPYLENE - 2C01A,2,,,FCB: Line-3 (BOPP)
B-TTH-018.0-XX-J,RM3500099,POLYPROPYLENE - SKIBLOCK 10 (PP),0,,,FCB: Line-3 (BOPP)
B-TTH-018.0-XX-B,,,"1,000",410,6.75,
B-TUH-025.0-XX-J,RM3300015,POLYPROPYLENE - ELTEX PKS 607(BOPP),30,,,FCB: Line-3 (BOPP)
B-TUH-025.0-XX-J,RM3000040,POLYPROPYLENE - PROPEL 1030FG - PP/ IOCL,803,,,FCB: Line-3 (BOPP)
B-TUH-025.0-XX-J,RM3300249,POLYPROPYLENE - TAFMER PN3560,40,,,FCB: Line-3 (BOPP)
B-TUH-025.0-XX-J,RM3300165,TAFMER XM7070S,12,,,FCB: Line-3 (BOPP)
B-TUH-025.0-XX-J,RM3300049,POLYPROPYLENE - COSMOPLENE FS5612L,37,,,FCB: Line-3 (BOPP)
B-TUH-025.0-XX-J,RM3300004,POLYPROPYLENE - ADSYL 5C 39F,70,,,FCB: Line-3 (BOPP)
B-TUH-025.0-XX-J,RM3500004,POLYPROPYLENE - ABVT 22 SC,8,,,FCB: Line-3 (BOPP)
B-TUH-025.0-XX-B,,,"1,000",220,6.75,
B-TUO-017.0-XX-J,RM3300004,POLYPROPYLENE - ADSYL 5C 39F,78,,,FCB: Line-3 (BOPP)
B-TUO-017.0-XX-J,RM3300015,POLYPROPYLENE - ELTEX PKS 607(BOPP),31,,,FCB: Line-3 (BOPP)
B-TUO-017.0-XX-J,RM3300165,TAFMER XM7070S,14,,,FCB: Line-3 (BOPP)
B-TUO-017.0-XX-J,RM3000040,POLYPROPYLENE - PROPEL 1030FG - PP/ IOCL,871,,,FCB: Line-3 (BOPP)
B-TUO-017.0-XX-J,RM3500099,POLYPROPYLENE - SKIBLOCK 10 (PP),2,,,FCB: Line-3 (BOPP)
B-TUO-017.0-XX-J,RM3500004,POLYPROPYLENE - ABVT 22 SC,4,,,FCB: Line-3 (BOPP)
B-TUO-017.0-XX-B,,,"1,000",390,6.75,
B-TUO-017.5-XX-J,RM3300165,TAFMER XM7070S,9,,,FCB: Line-3 (BOPP)
B-TUO-017.5-XX-J,RM3300015,POLYPROPYLENE - ELTEX PKS 607(BOPP),47,,,FCB: Line-3 (BOPP)
B-TUO-017.5-XX-J,RM3000040,POLYPROPYLENE - PROPEL 1030FG - PP/ IOCL,880,,,FCB: Line-3 (BOPP)
B-TUO-017.5-XX-J,RM3300004,POLYPROPYLENE - ADSYL 5C 39F,57,,,FCB: Line-3 (BOPP)
B-TUO-017.5-XX-J,RM3500004,POLYPROPYLENE - ABVT 22 SC,5,,,FCB: Line-3 (BOPP)
B-TUO-017.5-XX-J,RM3500099,POLYPROPYLENE - SKIBLOCK 10 (PP),2,,,FCB: Line-3 (BOPP)
B-TUO-017.5-XX-B,,,"1,000",390,6.75,
B-TVB-018.0-XX-J,RM3300049,POLYPROPYLENE - COSMOPLENE FS5612L,34,,,FCB: Line-3 (BOPP)
B-TVB-018.0-XX-J,RM3500004,POLYPROPYLENE - ABVT 22 SC,6,,,FCB: Line-3 (BOPP)
B-TVB-018.0-XX-J,RM3300015,POLYPROPYLENE - ELTEX PKS 607(BOPP),28,,,FCB: Line-3 (BOPP)
B-TVB-018.0-XX-J,RM3000040,POLYPROPYLENE - PROPEL 1030FG - PP/ IOCL,883,,,FCB: Line-3 (BOPP)
B-TVB-018.0-XX-J,RM3500099,POLYPROPYLENE - SKIBLOCK 10 (PP),6,,,FCB: Line-3 (BOPP)
B-TVB-018.0-XX-J,RM3300004,POLYPROPYLENE - ADSYL 5C 39F,43,,,FCB: Line-3 (BOPP)
B-TVB-018.0-XX-M,,,"1,000",390,6.75,
B-TVL-015.0-XX-J,RM3000040,POLYPROPYLENE - PROPEL 1030FG - PP/ IOCL,897,,,FCB: Line-3 (BOPP)
B-TVL-015.0-XX-J,RM3300280,POLYPROPYLENE - COSMOPLENE 5714,48,,,FCB: Line-3 (BOPP)
B-TVL-015.0-XX-J,RM3300015,POLYPROPYLENE - ELTEX PKS 607(BOPP),26,,,FCB: Line-3 (BOPP)
B-TVL-015.0-XX-J,RM3300004,POLYPROPYLENE - ADSYL 5C 39F,23,,,FCB: Line-3 (BOPP)
B-TVL-015.0-XX-J,RM3500099,POLYPROPYLENE - SKIBLOCK 10 (PP),1,,,FCB: Line-3 (BOPP)
B-TVL-015.0-XX-J,RM3500004,POLYPROPYLENE - ABVT 22 SC,4,,,FCB: Line-3 (BOPP)
B-TVL-015.0-XX-B,,,"1,000",390,6.75,
B-TVL-017.0-XX-J,RM3000040,POLYPROPYLENE - PROPEL 1030FG - PP/ IOCL,909,,,FCB: Line-3 (BOPP)
B-TVL-017.0-XX-J,RM3300280,POLYPROPYLENE - COSMOPLENE 5714,43,,,FCB: Line-3 (BOPP)
B-TVL-017.0-XX-J,RM3300015,POLYPROPYLENE - ELTEX PKS 607(BOPP),23,,,FCB: Line-3 (BOPP)
B-TVL-017.0-XX-J,RM3300004,POLYPROPYLENE - ADSYL 5C 39F,20,,,FCB: Line-3 (BOPP)
B-TVL-017.0-XX-J,RM3500099,POLYPROPYLENE - SKIBLOCK 10 (PP),1,,,FCB: Line-3 (BOPP)
B-TVL-017.0-XX-J,RM3500004,POLYPROPYLENE - ABVT 22 SC,4,,,FCB: Line-3 (BOPP)
B-TVL-017.0-XX-B,,,"1,000",400,6.75,
B-TVL-017.5-XX-J,RM3000040,POLYPROPYLENE - PROPEL 1030FG - PP/ IOCL,909,,,FCB: Line-3 (BOPP)
B-TVL-017.5-XX-J,RM3300280,POLYPROPYLENE - COSMOPLENE 5714,43,,,FCB: Line-3 (BOPP)
B-TVL-017.5-XX-J,RM3300015,POLYPROPYLENE - ELTEX PKS 607(BOPP),23,,,FCB: Line-3 (BOPP)
B-TVL-017.5-XX-J,RM3300004,POLYPROPYLENE - ADSYL 5C 39F,20,,,FCB: Line-3 (BOPP)
B-TVL-017.5-XX-J,RM3500099,POLYPROPYLENE - SKIBLOCK 10 (PP),1,,,FCB: Line-3 (BOPP)
B-TVL-017.5-XX-J,RM3500004,POLYPROPYLENE - ABVT 22 SC,4,,,FCB: Line-3 (BOPP)
B-TVL-017.5-XX-B,,,"1,000",400,6.75,
B-TVL-018.0-XX-J,RM3000040,POLYPROPYLENE - PROPEL 1030FG - PP/ IOCL,914,,,FCB: Line-3 (BOPP)
B-TVL-018.0-XX-J,RM3300280,POLYPROPYLENE - COSMOPLENE 5714,40,,,FCB: Line-3 (BOPP)
B-TVL-018.0-XX-J,RM3300015,POLYPROPYLENE - ELTEX PKS 607(BOPP),22,,,FCB: Line-3 (BOPP)
B-TVL-018.0-XX-J,RM3300004,POLYPROPYLENE - ADSYL 5C 39F,19,,,FCB: Line-3 (BOPP)
B-TVL-018.0-XX-J,RM3500099,POLYPROPYLENE - SKIBLOCK 10 (PP),1,,,FCB: Line-3 (BOPP)
B-TVL-018.0-XX-J,RM3500004,POLYPROPYLENE - ABVT 22 SC,4,,,FCB: Line-3 (BOPP)
B-TVL-018.0-XX-B,,,"1,000",410,6.75,
B-TVL-020.0-XX-J,RM3000040,POLYPROPYLENE - PROPEL 1030FG - PP/ IOCL,923,,,FCB: Line-3 (BOPP)
B-TVL-020.0-XX-J,RM3300280,POLYPROPYLENE - COSMOPLENE 5714,36,,,FCB: Line-3 (BOPP)
B-TVL-020.0-XX-J,RM3300015,POLYPROPYLENE - ELTEX PKS 607(BOPP),20,,,FCB: Line-3 (BOPP)
B-TVL-020.0-XX-J,RM3300004,POLYPROPYLENE - ADSYL 5C 39F,17,,,FCB: Line-3 (BOPP)
B-TVL-020.0-XX-J,RM3500099,POLYPROPYLENE - SKIBLOCK 10 (PP),1,,,FCB: Line-3 (BOPP)
B-TVL-020.0-XX-J,RM3500004,POLYPROPYLENE - ABVT 22 SC,3,,,FCB: Line-3 (BOPP)
B-TVL-020.0-XX-B,,,"1,000",385,6.75,
B-TVL-025.0-XX-J,RM3000040,POLYPROPYLENE - PROPEL 1030FG - PP/ IOCL,937,,,FCB: Line-3 (BOPP)
B-TVL-025.0-XX-J,RM3300280,POLYPROPYLENE - COSMOPLENE 5714,29,,,FCB: Line-3 (BOPP)
B-TVL-025.0-XX-J,RM3300015,POLYPROPYLENE - ELTEX PKS 607(BOPP),16,,,FCB: Line-3 (BOPP)
B-TVL-025.0-XX-J,RM3300004,POLYPROPYLENE - ADSYL 5C 39F,14,,,FCB: Line-3 (BOPP)
B-TVL-025.0-XX-J,RM3500099,POLYPROPYLENE - SKIBLOCK 10 (PP),1,,,FCB: Line-3 (BOPP)
B-TVL-025.0-XX-J,RM3500004,POLYPROPYLENE - ABVT 22 SC,3,,,FCB: Line-3 (BOPP)
B-TVL-025.0-XX-B,,,"1,000",250,6.75,
B-TVS-018.0-XX-J,RM3000040,POLYPROPYLENE - PROPEL 1030FG - PP/ IOCL,905,,,FCB: Line-3 (BOPP)
B-TVS-018.0-XX-J,RM3300015,POLYPROPYLENE - ELTEX PKS 607(BOPP),21,,,FCB: Line-3 (BOPP)
B-TVS-018.0-XX-J,RM3300004,POLYPROPYLENE - ADSYL 5C 39F,62,,,FCB: Line-3 (BOPP)
B-TVS-018.0-XX-J,RM3500099,POLYPROPYLENE - SKIBLOCK 10 (PP),1,,,FCB: Line-3 (BOPP)
B-TVS-018.0-XX-J,RM3500004,POLYPROPYLENE - ABVT 22 SC,4,,,FCB: Line-3 (BOPP)
B-TVS-018.0-XX-J,RM3300165,TAFMER XM7070S,7,,,FCB: Line-3 (BOPP)
B-TVS-018.0-XX-B,,,"1,000",390,6.75,
B-TVS-020.0-XX-J,RM3000040,POLYPROPYLENE - PROPEL 1030FG - PP/ IOCL,909,,,FCB: Line-3 (BOPP)
B-TVS-020.0-XX-J,RM3300015,POLYPROPYLENE - ELTEX PKS 607(BOPP),21,,,FCB: Line-3 (BOPP)
B-TVS-020.0-XX-J,RM3300004,POLYPROPYLENE - ADSYL 5C 39F,58,,,FCB: Line-3 (BOPP)
B-TVS-020.0-XX-J,RM3500099,POLYPROPYLENE - SKIBLOCK 10 (PP),1,,,FCB: Line-3 (BOPP)
B-TVS-020.0-XX-J,RM3500004,POLYPROPYLENE - ABVT 22 SC,3,,,FCB: Line-3 (BOPP)
B-TVS-020.0-XX-J,RM3300165,TAFMER XM7070S,7,,,FCB: Line-3 (BOPP)
B-TVS-020.0-XX-B,,,"1,000",380,6.75,
B-TNT-022.0-XX-J,RM3000040,POLYPROPYLENE - PROPEL 1030FG - PP/ IOCL,840,,,FCB: Line-3 (BOPP)
B-TNT-022.0-XX-J,RM3300004,POLYPROPYLENE - ADSYL 5C 39F,5,,,FCB: Line-3 (BOPP)
B-TNT-022.0-XX-J,B-RGG-0001,RGG,137,,,FCB: Line-3 (BOPP)
B-TNT-022.0-XX-J,RM3500015,POLYPROPYLENE - ASCORE 3,11,,,FCB: Line-3 (BOPP)
B-TNT-022.0-XX-J,RM3500310,BLOCK 102A,3,,,FCB: Line-3 (BOPP)
B-TNT-022.0-XX-J,RM3300015,POLYPROPYLENE - ELTEX PKS 607(BOPP),5,,,FCB: Line-3 (BOPP)
B-TNT-022.0-XX-B,,,"1,000",360,6.75,
B-TRP-018.0-XX-J,RM3000090,POLYPROPYLENE - PROPEL 1030FG - PP,709.3,,,FCB: Line-3 (BOPP)
B-TRP-018.0-XX-J,B-RGG-0001,RGG,281.6,,,FCB: Line-3 (BOPP)
B-TRP-018.0-XX-J,RM3500307, ASC-106,7,,,FCB: Line-3 (BOPP)
B-TRP-018.0-XX-J,RM3500310,BLOCK 102A,2.1,,,FCB: Line-3 (BOPP)
B-TRP-018.0-XX-B,,,"1,000",410,6.75,
B-MHF-020.0-XX-J,RM3000040,POLYPROPYLENE - PROPEL 1030FG - PP,799,,,FCB: Line-3 (BOPP)
B-MHF-020.0-XX-J,RM3300165,Tafmer-XM7070,15,,,FCB: Line-3 (BOPP)
B-MHF-020.0-XX-J,RM3500099,POLYPROPYLENE - SKIBLOCK 10 (PP),1,,,FCB: Line-3 (BOPP)
B-MHF-020.0-XX-J,RM3300269,RC112L,55,,,FCB: Line-3 (BOPP)
B-MHF-020.0-XX-J,RM3300015,POLYPROPYLENE - ELTEX PKS 607(BOPP),36,,,FCB: Line-3 (BOPP)
B-MHF-020.0-XX-J,RM3500224,POLYPROPYLENE - MATIF 55,94,,,FCB: Line-3 (BOPP)
B-MHF-020.0-XX-B,,,"1,000",400,6.75,
B-TGT-018.0-XX-J,RM3300015,POLYPROPYLENE - ELTEX PKS 607(BOPP),44,,,FCB: Line-3 (BOPP)
B-TGT-018.0-XX-J,RM3500216,BRIGHTNER & SHINER BS 2.2/IOF-25/25,1,,,FCB: Line-3 (BOPP)
B-TGT-018.0-XX-J,RM3500034,POLYPROPYLENE - SATO 62,2,,,FCB: Line-3 (BOPP)
B-TGT-018.0-XX-J,RM3500024,POLYPROPYLENE - HOBLOCK - 10 (PP),0,,,FCB: Line-3 (BOPP)
B-TGT-018.0-XX-J,RM3000040,POLYPROPYLENE - PROPEL 1030FG - PP/ IOCL,942,,,FCB: Line-3 (BOPP)
B-TGT-018.0-XX-J,RM3300004,POLYPROPYLENE - ADSYL 5C 39F,11,,,FCB: Line-3 (BOPP)
B-TGT-018.0-XX-J,RM3500004,POLYPROPYLENE - ABVT 22 SC,1,,,FCB: Line-3 (BOPP)
B-TGT-018.0-XX-B,,Not Produced,"1,000",360,6.75,
B-TRP-017.0-XX-J,RM3000090,POLYPROPYLENE - PROPEL 1030FG - PP,709.3,,,FCB: Line-3 (BOPP)
B-TRP-017.0-XX-J,B-RGG-0001,RGG,281.6,,,FCB: Line-3 (BOPP)
B-TRP-017.0-XX-J,RM3500307, ASC-106,7,,,FCB: Line-3 (BOPP)
B-TRP-017.0-XX-J,RM3500310,BLOCK 102A,2.1,,,FCB: Line-3 (BOPP)
B-TRP-017.0-XX-B,,,"1,000",400,6.75,
B-TUB-018.0-XX-J,RM3300165,TAFMER XM7070S,17,,,FCB: Line-3 (BOPP)
B-TUB-018.0-XX-J,RM3500004,POLYPROPYLENE - ABVT 22 SC,4,,,FCB: Line-3 (BOPP)
B-TUB-018.0-XX-J,RM3300015,POLYPROPYLENE - ELTEX PKS 607(BOPP),44,,,FCB: Line-3 (BOPP)
B-TUB-018.0-XX-J,RM3500099,POLYPROPYLENE - SKIBLOCK 10 (PP),2,,,FCB: Line-3 (BOPP)
B-TUB-018.0-XX-J,RM3000040,POLYPROPYLENE - PROPEL 1030FG - PP/ IOCL,889,,,FCB: Line-3 (BOPP)
B-TUB-018.0-XX-J,RM3300015,POLYPROPYLENE - ELTEX PKS 607(BOPP),45,,,FCB: Line-3 (BOPP)
B-TUB-018.0-XX-B,,Not Produced,"1,000",400,6.75,
B-TVQ-018.0-XX-J,RM3300004,POLYPROPYLENE - ADSYL 5C 39F,60,,,FCB: Line-3 (BOPP)
B-TVQ-018.0-XX-J,RM3300015,POLYPROPYLENE - ELTEX PKS 607(BOPP),48,,,FCB: Line-3 (BOPP)
B-TVQ-018.0-XX-J,RM3000040,POLYPROPYLENE - PROPEL 1030FG - PP/ IOCL,872,,,FCB: Line-3 (BOPP)
B-TVQ-018.0-XX-J,RM3500099,POLYPROPYLENE - SKIBLOCK 10 (PP),3,,,FCB: Line-3 (BOPP)
B-TVQ-018.0-XX-J,RM3500004,POLYPROPYLENE - ABVT 22 SC,2,,,FCB: Line-3 (BOPP)
B-TVQ-018.0-XX-J,RM3300165,TAFMER XM7070S,15,,,FCB: Line-3 (BOPP)
B-TVQ-018.0-XX-B,,,"1,000",390,6.75,
B-TVS-030.0-XX-J,RM3300165,TAFMER XM7070S,7,,,FCB: Line-3 (BOPP)
B-TVS-030.0-XX-J,RM3500099,POLYPROPYLENE - SKIBLOCK 10 (PP),1,,,FCB: Line-3 (BOPP)
B-TVS-030.0-XX-J,RM3500004,POLYPROPYLENE - ABVT 22 SC,2,,,FCB: Line-3 (BOPP)
B-TVS-030.0-XX-J,RM3300015,POLYPROPYLENE - ELTEX PKS 607(BOPP),26,,,FCB: Line-3 (BOPP)
B-TVS-030.0-XX-J,RM3000040,POLYPROPYLENE - PROPEL 1030FG - PP/ IOCL,930,,,FCB: Line-3 (BOPP)
B-TVS-030.0-XX-J,RM3300004,POLYPROPYLENE - ADSYL 5C 39F,35,,,FCB: Line-3 (BOPP)
B-TVS-030.0-XX-B,,Not Produced,"1,000",240,6.75,
B-MFF-018.0-XX-J,RM3000040,POLYPROPYLENE - PROPEL 1030FG - PP,819,,,FCB: Line-3 (BOPP)
B-MFF-018.0-XX-J,RM3300165,Tafmer-XM7070,26,,,FCB: Line-3 (BOPP)
B-MFF-018.0-XX-J,RM3500099,POLYPROPYLENE - SKIBLOCK 10 (PP),1,,,FCB: Line-3 (BOPP)
B-MFF-018.0-XX-J,RM3300269,RC112L,50,,,FCB: Line-3 (BOPP)
B-MFF-018.0-XX-J,RM3500224,Mattif-55,104,,,FCB: Line-3 (BOPP)
B-MFF-018.0-XX-B,,,"1,000",390,6.75,
B-MNH-025.0-XX-J,RM3000040,POLYPROPYLENE - PROPEL 1030FG - PP/ IOCL,839,,,FCB: Line-3 (BOPP)
B-MNH-025.0-XX-J,RM3500099,POLYPROPYLENE - SKIBLOCK 10 (PP),1,,,FCB: Line-3 (BOPP)
B-MNH-025.0-XX-J,RM3300004,POLYPROPYLENE - ADSYL 5C 39F,10,,,FCB: Line-3 (BOPP)
B-MNH-025.0-XX-J,RM3500072,MATT COMPOUND BOPP GRADE MF502H,50,,,FCB: Line-3 (BOPP)
B-MNH-025.0-XX-J,RM3500015,POLYPROPYLENE - ASCORE 3,9,,,FCB: Line-3 (BOPP)
B-MNH-025.0-XX-J,RM3500029,POLYPROPYLENE - MATIF 97 400700DK,50,,,FCB: Line-3 (BOPP)
B-MNH-025.0-XX-J,RM3300015,POLYPROPYLENE - ELTEX PKS 607(BOPP),41,,,FCB: Line-3 (BOPP)
B-MNH-025.0-XX-B,,,"1,000",250,6.75,
B-THO-025.0-XX-J,RM3300015,POLYPROPYLENE - ELTEX PKS 607(BOPP),26,,,FCB: Line-3 (BOPP)
B-THO-025.0-XX-J,RM3500075,POLYPROPELENE - COEXAS 2 (PP),9,,,FCB: Line-3 (BOPP)
B-THO-025.0-XX-J,RM3500099,POLYPROPYLENE - SKIBLOCK 10 (PP),0,,,FCB: Line-3 (BOPP)
B-THO-025.0-XX-J,RM3300049,POLYPROPYLENE - COSMOPLENE FS5612L,0,,,FCB: Line-3 (BOPP)
B-THO-025.0-XX-J,RM3500034,POLYPROPYLENE - SATO 62,3,,,FCB: Line-3 (BOPP)
B-THO-025.0-XX-J,RM3300004,POLYPROPYLENE - ADSYL 5C 39F,67,,,FCB: Line-3 (BOPP)
B-THO-025.0-XX-J,RM3000040,POLYPROPYLENE - PROPEL 1030FG - PP/ IOCL,895,,,FCB: Line-3 (BOPP)
B-THO-025.0-XX-B,,,"1,000",270,6.8,
B-TLP-017.0-XX-J,RM3300015,POLYPROPYLENE - ELTEX PKS 607(BOPP),41,,,FCB: Line-3 (BOPP)
B-TLP-017.0-XX-J,RM3500075,POLYPROPELENE - COEXAS 2 (PP),9,,,FCB: Line-3 (BOPP)
B-TLP-017.0-XX-J,RM3000040,POLYPROPYLENE - PROPEL 1030FG - PP/ IOCL,874,,,FCB: Line-3 (BOPP)
B-TLP-017.0-XX-J,RM3500004,POLYPROPYLENE - ABVT 22 SC,2,,,FCB: Line-3 (BOPP)
B-TLP-017.0-XX-J,RM3300004,POLYPROPYLENE - ADSYL 5C 39F,74,,,FCB: Line-3 (BOPP)
B-TLP-017.0-XX-B,,,"1,000",390,6.75,
B-TNT-030.0-XX-J,RM3000090,POLYPROPYLENE - PROPEL 1030FG - PP,707.2,,,FCB: Line-3 (BOPP)
B-TNT-030.0-XX-J,B-RGG-0001,RGG,283.8,,,FCB: Line-3 (BOPP)
B-TNT-030.0-XX-J,RM3500307, ASC-106,7.1,,,FCB: Line-3 (BOPP)
B-TNT-030.0-XX-J,RM3500310,BLOCK 102A,1.9,,,FCB: Line-3 (BOPP)
B-TNT-030.0-XX-B,,Not produced,"1,000",250,6.75,
B-UHB-018.0-XX-J,RM3000040,POLYPROPYLENE - PROPEL 1030FG - PP/ IOCL,822,,,FCB: Line-3 (BOPP)
B-UHB-018.0-XX-J,RM3500099,POLYPROPYLENE - SKIBLOCK 10 (PP),2,,,FCB: Line-3 (BOPP)
B-UHB-018.0-XX-J,RM3500288,ADMER QF500T,67,,,FCB: Line-3 (BOPP)
B-UHB-018.0-XX-J,RM3500004,POLYPROPYLENE - ABVT 22 SC,2,,,FCB: Line-3 (BOPP)
B-UHB-018.0-XX-J,RM3300004,POLYPROPYLENE - ADSYL 5C 39F,52,,,FCB: Line-3 (BOPP)
B-UHB-018.0-XX-J,RM3300250,RESIN G156B 25 BE,56,,,FCB: Line-3 (BOPP)
B-UHB-018.0-XX-B,,"Trial's only , Not produced ever","1,000",320,6.75,
B-UHB-025.0-XX-J,RM3000040,POLYPROPYLENE - PROPEL 1030FG - PP/ IOCL,822,,,FCB: Line-3 (BOPP)
B-UHB-025.0-XX-J,RM3500004,POLYPROPYLENE - ABVT 22 SC,2,,,FCB: Line-3 (BOPP)
B-UHB-025.0-XX-J,RM3300004,POLYPROPYLENE - ADSYL 5C 39F,52,,,FCB: Line-3 (BOPP)
B-UHB-025.0-XX-J,RM3500099,POLYPROPYLENE - SKIBLOCK 10 (PP),2,,,FCB: Line-3 (BOPP)
B-UHB-025.0-XX-J,RM3500288,ADMER QF500T,67,,,FCB: Line-3 (BOPP)
B-UHB-025.0-XX-J,RM3300250,RESIN G156B 25 BE,56,,,FCB: Line-3 (BOPP)
B-UHB-025.0-XX-B,,"Trial's only , Not produced ever","1,000",250,6.75,
B-MNT-012.0-XX-J,RM3000040,POLYPROPYLENE - PROPEL 1030FG - PP,868,,,FCB: Line-3 (BOPP)
B-MNT-012.0-XX-J,RM3500307, ASC-106,3,,,FCB: Line-3 (BOPP)
B-MNT-012.0-XX-J,RM3500310,BLOCK 102A,3,,,FCB: Line-3 (BOPP)
B-MNT-012.0-XX-J,RM3500332,MATT COMPOUND DUL STX-25 IN,126,,,FCB: Line-3 (BOPP)
B-MNT-012.0-XX-B,,,"1,000",400,6.75,
B-TNT-12.0-XX-J,RM3000090,POLYPROPYLENE - PROPEL 1030FG - PP,809.8,,,FCB: Line-3 (BOPP)
B-TNT-12.0-XX-J,B-RGG-0001,RGG,180.5,,,FCB: Line-3 (BOPP)
B-TNT-12.0-XX-J,RM3500015, ASC-106,6.6,,,FCB: Line-3 (BOPP)
B-TNT-12.0-XX-J,RM3500310,BLOCK 102A,3.1,,,FCB: Line-3 (BOPP)
B-TNT-12.0-XX-B,,,"1,000",400,6.75,
B-TAP-021.0-XX-J,RM3000090,POLYPROPYLENE - PROPEL 1030FG - PP,699.5,,,FCB: Line-3 (BOPP)
B-TAP-021.0-XX-J,B-RGG-0001,RGG,291.7,,,FCB: Line-3 (BOPP)
B-TAP-021.0-XX-J,RM3500307, ASC-106,7.3,,,FCB: Line-3 (BOPP)
B-TAP-021.0-XX-J,RM3500310,BLOCK 102A,1.5,,,FCB: Line-3 (BOPP)
B-TAP-021.0-XX-B,,,"1,000",365,6.75,
B-TAP-023.0-XX-J,RM3000090,POLYPROPYLENE - PROPEL 1030FG - PP,699.5,,,FCB: Line-3 (BOPP)
B-TAP-023.0-XX-J,B-RGG-0001,RGG,291.7,,,FCB: Line-3 (BOPP)
B-TAP-023.0-XX-J,RM3500307, ASC-106,7.3,,,FCB: Line-3 (BOPP)
B-TAP-023.0-XX-J,RM3500310,BLOCK 102A,1.5,,,FCB: Line-3 (BOPP)
B-TAP-023.0-XX-B,,,"1,000",340,6.75,
B-TMS-30.0-XX-J,RM3000040,POLYPROPYLENE - PROPEL 1030FG - PP/ IOCL,75,,,FCB: Line-3 (BOPP)
B-TMS-30.0-XX-J,B-RGG-0001,RGG,76,,,FCB: Line-3 (BOPP)
B-TMS-30.0-XX-J,RM3300165,TAFMER XM7070S,44,,,FCB: Line-3 (BOPP)
B-TMS-30.0-XX-J,RM3300004,POLYPROPYLENE - ADSYL 5C 39F,781,,,FCB: Line-3 (BOPP)
B-TMS-30.0-XX-J,RM3300015,POLYPROPYLENE - ELTEX PKS 607(BOPP),11,,,FCB: Line-3 (BOPP)
B-TMS-30.0-XX-J,RM3500075,POLYPROPELENE - COEXAS 2 (PP),1,,,FCB: Line-3 (BOPP)
B-TMS-30.0-XX-J,RM3500290,POLYPROPYLENE - ABVT 22 N SC NATURAL,4,,,FCB: Line-3 (BOPP)
B-TMS-30.0-XX-J,RM3500099,POLYPROPYLENE - SKIBLOCK 10 (PP),8,,,FCB: Line-3 (BOPP)
B-TMS-30.0-XX-B,,Not Produced  ever,"1,000",230,6.75,
B-UHB-020.0-XX-J,RM3500288,ADMER QF500T,67,,,FCB: Line-3 (BOPP)
B-UHB-020.0-XX-J,RM3300250,RESIN G156B 25 BE,56,,,FCB: Line-3 (BOPP)
B-UHB-020.0-XX-J,RM3300004,POLYPROPYLENE - ADSYL 5C 39F,52,,,FCB: Line-3 (BOPP)
B-UHB-020.0-XX-J,RM3500004,POLYPROPYLENE - ABVT 22 SC,2,,,FCB: Line-3 (BOPP)
B-UHB-020.0-XX-J,RM3500099,POLYPROPYLENE - SKIBLOCK 10 (PP),2,,,FCB: Line-3 (BOPP)
B-UHB-020.0-XX-J,RM3000040,POLYPROPYLENE - PROPEL 1030FG - PP/ IOCL,822,,,FCB: Line-3 (BOPP)
B-UHB-020.0-XX-B,,"Trial's only , Not produced ever","1,000",185,6.75,
B-WS-18.0-XX-J,RM3000040,POLYPROPYLENE - PROPEL 1030FG - PP/ IOCL,476,,,FCB: Line-3 (BOPP)
B-WS-18.0-XX-J,B-RGG-0001,,250,,,FCB: Line-3 (BOPP)
B-WS-18.0-XX-J,RM4000007,MASTER BATCH - WHITE 70 (PP),154,,,FCB: Line-3 (BOPP)
B-WS-18.0-XX-J,RM3300004,POLYPROPYLENE - ADSYL 5C 39F,87,,,FCB: Line-3 (BOPP)
B-WS-18.0-XX-J,RM3500265,POLYPROPYLENE - 2C01A,1,,,FCB: Line-3 (BOPP)
B-WS-18.0-XX-J,RM3500075,POLYPROPELENE - COEXAS 2 (PP),8,,,FCB: Line-3 (BOPP)
B-WS-18.0-XX-J,RM3300015,POLYPROPYLENE - ELTEX PKS 607(BOPP),22,,,FCB: Line-3 (BOPP)
B-WS-18.0-XX-B,,Not producing now,"1,000",350,6.75,
B-TUS-018.0-XX-J,RM3000040,POLYPROPYLENE - PROPEL 1030FG - PP/ IOCL,896,,,FCB: Line-3 (BOPP)
B-TUS-018.0-XX-J,RM3300049,POLYPROPYLENE - COSMOPLENE FS5612L,39,,,FCB: Line-3 (BOPP)
B-TUS-018.0-XX-J,RM3300015,POLYPROPYLENE - ELTEX PKS 607(BOPP),24,,,FCB: Line-3 (BOPP)
B-TUS-018.0-XX-J,RM3300004,POLYPROPYLENE - ADSYL 5C 39F,35,,,FCB: Line-3 (BOPP)
B-TUS-018.0-XX-J,RM3500024,POLYPROPYLENE - HOBLOCK - 10 (PP),4,,,FCB: Line-3 (BOPP)
B-TUS-018.0-XX-J,RM3500004,POLYPROPYLENE - ABVT 22 SC,2,,,FCB: Line-3 (BOPP)
B-TUS-018.0-XX-M,,,"1,000",390,6.75,
B-TCO-020.0-XX-J,RM3000040,POLYPROPYLENE - PROPEL 1030FG - PP/ IOCL,854.1,,,FCB: Line-3 (BOPP)
B-TCO-020.0-XX-J,RM3500079,POLYPROPELENE - ANSTAT 2,36,,,FCB: Line-3 (BOPP)
B-TCO-020.0-XX-J,RM3300282,ADSYL 6C30F,69.1,,,FCB: Line-3 (BOPP)
B-TCO-020.0-XX-J,RM3300165,TAFMER XM7070S,32.7,,,FCB: Line-3 (BOPP)
B-TCO-020.0-XX-J,RM3500262,AB06064 PPR,2.3,,,FCB: Line-3 (BOPP)
B-TCO-020.0-XX-J,RM3500261,CONSLIP440 PPR,5.8,,,FCB: Line-3 (BOPP)
B-TCO-020.0-XX-B (Modified),,,"1,000",320,6.75,
B-TMS-18.0-XX-J,RM3000040,POLYPROPYLENE - PROPEL 1030FG - PP/ IOCL,862,,,FCB: Line-3 (BOPP)
B-TMS-18.0-XX-J,RM3300165,TAFMER XM7070S,12,,,FCB: Line-3 (BOPP)
B-TMS-18.0-XX-J,RM3300004,POLYPROPYLENE - ADSYL 5C 39F,88,,,FCB: Line-3 (BOPP)
B-TMS-18.0-XX-J,RM3300015,POLYPROPYLENE - ELTEX PKS 607(BOPP),29,,,FCB: Line-3 (BOPP)
B-TMS-18.0-XX-J,RM3500308,COBLASC 206 AA,7,,,FCB: Line-3 (BOPP)
B-TMS-18.0-XX-J,RM3500290,POLYPROPYLENE - ABVT 22 N SC NATURAL,2,,,FCB: Line-3 (BOPP)
B-TMS-18.0-XX-J,RM3500099,POLYPROPYLENE - SKIBLOCK 10 (PP),1,,,FCB: Line-3 (BOPP)
B-TMS-18.0-XX-B,,,"1,000",400,6.75,
B-TMS-20.0-XX-J,RM3000040,POLYPROPYLENE - PROPEL 1030FG - PP/ IOCL,868,,,FCB: Line-3 (BOPP)
B-TMS-20.0-XX-J,RM3300165,TAFMER XM7070S,11,,,FCB: Line-3 (BOPP)
B-TMS-20.0-XX-J,RM3300004,POLYPROPYLENE - ADSYL 5C 39F,83,,,FCB: Line-3 (BOPP)
B-TMS-20.0-XX-J,RM3300015,POLYPROPYLENE - ELTEX PKS 607(BOPP),29,,,FCB: Line-3 (BOPP)
B-TMS-20.0-XX-J,RM3500308,COBLASC 206 AA,7,,,FCB: Line-3 (BOPP)
B-TMS-20.0-XX-J,RM3500290,POLYPROPYLENE - ABVT 22 N SC NATURAL,2,,,FCB: Line-3 (BOPP)
B-TMS-20.0-XX-J,RM3500099,POLYPROPYLENE - SKIBLOCK 10 (PP),0,,,FCB: Line-3 (BOPP)
B-TMS-20.0-XX-B,,,"1,000",370,6.75,
B-TCL-018.5-XX-J,RM3000040,POLYPROPYLENE - PROPEL 1030FG - PP/ IOCL,722,,,FCB: Line-3 (BOPP)
B-TCL-018.5-XX-J,RM3300049,POLYPROPYLENE - COSMOPLENE FS5612L,14,,,FCB: Line-3 (BOPP)
B-TCL-018.5-XX-J,RM3300165,TAFMER XM7070S,13,,,FCB: Line-3 (BOPP)
B-TCL-018.5-XX-J,RM3300004,POLYPROPYLENE - ADSYL 5C 39F,82,,,FCB: Line-3 (BOPP)
B-TCL-018.5-XX-J,RM3500290,POLYPROPYLENE - ABVT 22 N SC NATURAL,1,,,FCB: Line-3 (BOPP)
B-TCL-018.5-XX-J,RM3500034,POLYPROPYLENE - SATO 62,5,,,FCB: Line-3 (BOPP)
B-TCL-018.5-XX-J,B-RGG-0001,RGG,89,,,FCB: Line-3 (BOPP)
B-TCL-018.5-XX-J,RM3500340,ASPA 2446,31,,,FCB: Line-3 (BOPP)
B-TCL-018.5-XX-J,RM3500320,STIFFNER-CF02,44,,,FCB: Line-3 (BOPP)
B-TCL-018.5-XX-B,,,"1,000",320,6.75,
B-TDF-018.0-XX-J,RM3300049,POLYPROPYLENE - COSMOPLENE FS5612L,24.8,,,FCB: Line-3 (BOPP)
B-TDF-018.0-XX-J,RM3300015,POLYPROPYLENE - ELTEX PKS 607(BOPP),24,,,FCB: Line-3 (BOPP)
B-TDF-018.0-XX-J,RM3000040,POLYPROPYLENE - PROPEL 1030FG - PP/ IOCL,907.8,,,FCB: Line-3 (BOPP)
B-TDF-018.0-XX-J,RM3500099,POLYPROPYLENE - SKIBLOCK 10 (PP),1.8,,,FCB: Line-3 (BOPP)
B-TDF-018.0-XX-J,RM3500004,POLYPROPYLENE - ABVT 22 SC,1.9,,,FCB: Line-3 (BOPP)
B-TDF-018.0-XX-J,RM3300165,TAFMER XM7070S,6.8,,,FCB: Line-3 (BOPP)
B-TDF-018.0-XX-J,RM3300004,POLYPROPYLENE - ADSYL 5C 39F,32.9,,,FCB: Line-3 (BOPP)
B-TDF-018.0-XX-B,,,"1,000",375,6.75,
B-TFN-018.0-XX-J,RM3500024,POLYPROPYLENE - HOBLOCK - 10 (PP),1,,,FCB: Line-3 (BOPP)
B-TFN-018.0-XX-J,RM3000040,POLYPROPYLENE - PROPEL 1030FG - PP/ IOCL,999,,,FCB: Line-3 (BOPP)
B-TFN-018.0-XX-B,,,"1,000",370,6.75,
B-LPS-018.0-XX-J,RM3500015,POLYPROPYLENE - ASCORE 3,12,,,FCB: Line-3 (BOPP)
B-LPS-018.0-XX-J,RM3000040,POLYPROPYLENE - PROPEL 1030FG - PP/ IOCL,937,,,FCB: Line-3 (BOPP)
B-LPS-018.0-XX-J,RM3500310,BLOCK 102A,1,,,FCB: Line-3 (BOPP)
B-LPS-018.0-XX-J,RM3300165,TAFMER XM7070S,1,,,FCB: Line-3 (BOPP)
B-LPS-018.0-XX-J,RM3500265,POLYPROPYLENE - 2C01A,1,,,FCB: Line-3 (BOPP)
B-LPS-018.0-XX-J,RM3300004,POLYPROPYLENE - ADSYL 5C 39F,48,,,FCB: Line-3 (BOPP)
B-LPS-018.0-XX-B,,,"1,000",380,6.75,
B-MNT-010.0-XX-J,RM3000040,POLYPROPYLENE - PROPEL 1030FG - PP,841,,,FCB: Line-3 (BOPP)
B-MNT-010.0-XX-J,RM3500307, ASC-106,5,,,FCB: Line-3 (BOPP)
B-MNT-010.0-XX-J,RM3500310,BLOCK 102A,4,,,FCB: Line-3 (BOPP)
B-MNT-010.0-XX-J,RM3500332,MATT COMPOUND DUL STX-25 IN,150,,,FCB: Line-3 (BOPP)
B-MNT-010.0-XX-B,,,"1,000",385,6.75,
B-MNT-013.0-XX-J,RM3000040,POLYPROPYLENE - PROPEL 1030FG - PP,875,,,FCB: Line-3 (BOPP)
B-MNT-013.0-XX-J,RM3500307, ASC-106,6,,,FCB: Line-3 (BOPP)
B-MNT-013.0-XX-J,RM3500310,BLOCK 102A,3,,,FCB: Line-3 (BOPP)
B-MNT-013.0-XX-J,RM3500332,MATT COMPOUND DUL STX-25 IN,116,,,FCB: Line-3 (BOPP)
B-MNT-013.0-XX-B,,,"1,000",385,6.75,
B-TNT-10.0-XX-J,RM3000090,POLYPROPYLENE - PROPEL 1030FG - PP,817.5,,,FCB: Line-3 (BOPP)
B-TNT-10.0-XX-J,B-RGG-0001,RGG,172.5,,,FCB: Line-3 (BOPP)
B-TNT-10.0-XX-J,RM3500015, ASC-106,6.3,,,FCB: Line-3 (BOPP)
B-TNT-10.0-XX-J,RM3500310,BLOCK 102A,3.7,,,FCB: Line-3 (BOPP)
B-TNT-10.0-XX-B,,,"1,000",380,6.75,FCB: Line-3 (BOPP)
B-TNP-10.0-XX-J,RM3000090,POLYPROPYLENE - PROPEL 1030FG - PP,817.5,,,FCB: Line-3 (BOPP)
B-TNP-10.0-XX-J,B-RGG-0001,RGG,172.5,,,FCB: Line-3 (BOPP)
B-TNP-10.0-XX-J,RM3500015, ASC-106,6.3,,,FCB: Line-3 (BOPP)
B-TNP-10.0-XX-J,RM3500310,BLOCK 102A,3.7,,,FCB: Line-3 (BOPP)
B-TNP-10.0-XX-B,,,"1,000",380,6.75,FCB: Line-3 (BOPP)
B-THF-020.0-XX-J,RM3300049,POLYPROPYLENE - COSMOPLENE FS5612L,22,,,FCB: Line-3 (BOPP)
B-THF-020.0-XX-J,RM3300269,POLYPROPYLENE - CLYRELL RC 112L,29,,,FCB: Line-3 (BOPP)
B-THF-020.0-XX-J,RM3000040,POLYPROPYLENE - PROPEL 1030FG - PP/ IOCL,895,,,FCB: Line-3 (BOPP)
B-THF-020.0-XX-J,RM3500099,POLYPROPYLENE - SKIBLOCK 10 (PP),1.8,,,FCB: Line-3 (BOPP)
B-THF-020.0-XX-J,RM3300004,POLYPROPYLENE - ADSYL 5C 39F,52.2,,,FCB: Line-3 (BOPP)
B-THF-020.0-XX-B,,,"1,000",390,6.75,
B-TVS-025.0-XX-J,RM3000040,POLYPROPYLENE - PROPEL 1030FG - PP/ IOCL,888.4,,,FCB: Line-3 (BOPP)
B-TVS-025.0-XX-J,RM3300015,POLYPROPYLENE - ELTEX PKS 607(BOPP),25.3,,,FCB: Line-3 (BOPP)
B-TVS-025.0-XX-J,RM3300004,POLYPROPYLENE - ADSYL 5C 39F,68.5,,,FCB: Line-3 (BOPP)
B-TVS-025.0-XX-J,RM3500099,POLYPROPYLENE - SKIBLOCK 10 (PP),1.5,,,FCB: Line-3 (BOPP)
B-TVS-025.0-XX-J,RM3500004,POLYPROPYLENE - ABVT 22 SC,4.1,,,FCB: Line-3 (BOPP)
B-TVS-025.0-XX-J,RM3300165,TAFMER XM7070S,12.2,,,FCB: Line-3 (BOPP)
B-TVS-025.0-XX-B,,,"1,000",265,6.75,
B-TMV-015.0-XX-J,RM3000040,POLYPROPYLENE - PROPEL 1030FG - PP/ IOCL,897.6,,,FCB: Line-3 (BOPP)
B-TMV-015.0-XX-J,RM3300049,POLYPROPYLENE - COSMOPLENE FS5612L, -   ,,,FCB: Line-3 (BOPP)
B-TMV-015.0-XX-J,RM3300015,POLYPROPYLENE - ELTEX PKS 607(BOPP),29.5,,,FCB: Line-3 (BOPP)
B-TMV-015.0-XX-J,RM3300004,POLYPROPYLENE - ADSYL 5C 39F,67.1,,,FCB: Line-3 (BOPP)
B-TMV-015.0-XX-J,RM3500099,POLYPROPYLENE - SKIBLOCK 10 (PP),1.2,,,FCB: Line-3 (BOPP)
B-TMV-015.0-XX-J,RM3500004,POLYPROPYLENE - ABVT 22 SC,4.6,,,FCB: Line-3 (BOPP)
B-TMV-015.0-XX-B,,,"1,000",390,6.75,
B-TMV-018.0-XX-J,RM3000040,POLYPROPYLENE - PROPEL 1030FG - PP/ IOCL,914.7,,,FCB: Line-3 (BOPP)
B-TMV-018.0-XX-J,RM3300049,POLYPROPYLENE - COSMOPLENE FS5612L, -   ,,,FCB: Line-3 (BOPP)
B-TMV-018.0-XX-J,RM3300015,POLYPROPYLENE - ELTEX PKS 607(BOPP),24.5,,,FCB: Line-3 (BOPP)
B-TMV-018.0-XX-J,RM3300004,POLYPROPYLENE - ADSYL 5C 39F,55.9,,,FCB: Line-3 (BOPP)
B-TMV-018.0-XX-J,RM3500099,POLYPROPYLENE - SKIBLOCK 10 (PP),1,,,FCB: Line-3 (BOPP)
B-TMV-018.0-XX-J,RM3500004,POLYPROPYLENE - ABVT 22 SC,3.9,,,FCB: Line-3 (BOPP)
B-TMV-018.0-XX-B,,,"1,000",390,6.75,
B-TVM-015.0-XX-J,RM3000040,POLYPROPYLENE - PROPEL 1030FG - PP/ IOCL,897.6,,,FCB: Line-3 (BOPP)
B-TVM-015.0-XX-J,RM3300049,POLYPROPYLENE - COSMOPLENE FS5612L,,,,FCB: Line-3 (BOPP)
B-TVM-015.0-XX-J,RM3300015,POLYPROPYLENE - ELTEX PKS 607(BOPP),29.5,,,FCB: Line-3 (BOPP)
B-TVM-015.0-XX-J,RM3300004,POLYPROPYLENE - ADSYL 5C 39F,67.1,,,FCB: Line-3 (BOPP)
B-TVM-015.0-XX-J,RM3500099,POLYPROPYLENE - SKIBLOCK 10 (PP),1.2,,,FCB: Line-3 (BOPP)
B-TVM-015.0-XX-J,RM3500004,POLYPROPYLENE - ABVT 22 SC,4.6,,,FCB: Line-3 (BOPP)
B-TVM-015.0-XX-B,,,"1,000",390,6.75,
B-TVM-018.0-XX-J,RM3000040,POLYPROPYLENE - PROPEL 1030FG - PP/ IOCL,914.7,,,FCB: Line-3 (BOPP)
B-TVM-018.0-XX-J,RM3300049,POLYPROPYLENE - COSMOPLENE FS5612L, -   ,,,FCB: Line-3 (BOPP)
B-TVM-018.0-XX-J,RM3300015,POLYPROPYLENE - ELTEX PKS 607(BOPP),24.5,,,FCB: Line-3 (BOPP)
B-TVM-018.0-XX-J,RM3300004,POLYPROPYLENE - ADSYL 5C 39F,55.9,,,FCB: Line-3 (BOPP)
B-TVM-018.0-XX-J,RM3500099,POLYPROPYLENE - SKIBLOCK 10 (PP),1,,,FCB: Line-3 (BOPP)
B-TVM-018.0-XX-J,RM3500004,POLYPROPYLENE - ABVT 22 SC,3.9,,,FCB: Line-3 (BOPP)
B-TVM-018.0-XX-B,,,"1,000",390,6.75,
B-TCO-018.0-XX-J,RM3000040,POLYPROPYLENE - PROPEL 1030FG - PP/ IOCL,854.1,,,FCB: Line-3 (BOPP)
B-TCO-018.0-XX-J,RM3500079,POLYPROPELENE - ANSTAT 2,36,,,FCB: Line-3 (BOPP)
B-TCO-018.0-XX-J,RM3300282,ADSYL 6C30F,69.1,,,FCB: Line-3 (BOPP)
B-TCO-018.0-XX-J,RM3300165,TAFMER XM7070S,32.7,,,FCB: Line-3 (BOPP)
B-TCO-018.0-XX-J,RM3500262,AB06064 PPR,2.3,,,FCB: Line-3 (BOPP)
B-TCO-018.0-XX-J,RM3500261,CONSLIP440 PPR,5.8,,,FCB: Line-3 (BOPP)
B-TCO-018.0-XX-B,,Modified,"1,000",280,6.75,
B-MNT-023.0-XX-J,RM3000040,POLYPROPYLENE - PROPEL 1030FG - PP,911,,,FCB: Line-3 (BOPP)
B-MNT-023.0-XX-J,RM3500307, ASC-106,7,,,FCB: Line-3 (BOPP)
B-MNT-023.0-XX-J,RM3500310,BLOCK 102A,2,,,FCB: Line-3 (BOPP)
B-MNT-023.0-XX-J,RM3500332,MATT COMPOUND DUL STX-25 IN,80,,,FCB: Line-3 (BOPP)
B-MNT-023.0-XX-B,,,"1,000",340,6.75,
B-TUO-018.0-XX-J,RM3300165,TAFMER XM7070S,9,,,FCB: Line-3 (BOPP)
B-TUO-018.0-XX-J,RM3300015,POLYPROPYLENE - ELTEX PKS 607(BOPP),47,,,FCB: Line-3 (BOPP)
B-TUO-018.0-XX-J,RM3000040,POLYPROPYLENE - PROPEL 1030FG - PP/ IOCL,880,,,FCB: Line-3 (BOPP)
B-TUO-018.0-XX-J,RM3300004,POLYPROPYLENE - ADSYL 5C 39F,57,,,FCB: Line-3 (BOPP)
B-TUO-018.0-XX-J,RM3500004,POLYPROPYLENE - ABVT 22 SC,5,,,FCB: Line-3 (BOPP)
B-TUO-018.0-XX-J,RM3500099,POLYPROPYLENE - SKIBLOCK 10 (PP),2,,,FCB: Line-3 (BOPP)
B-TUO-018.0-XX-B,,,"1,000",390,6.75,
B-TMP-022.0-XX-J,RM3300004,POLYPROPYLENE - ADSYL 5C 39F,39,,,FCB: Line-3 (BOPP)
B-TMP-022.0-XX-J,B-RGG-0001,RGG,133,,,FCB: Line-3 (BOPP)
B-TMP-022.0-XX-J,RM3500015,POLYPROPYLENE - ASCORE 3,4,,,FCB: Line-3 (BOPP)
B-TMP-022.0-XX-J,RM3500024,POLYPROPYLENE - HOBLOCK - 10 (PP),1,,,FCB: Line-3 (BOPP)
B-TMP-022.0-XX-J,RM3000040,POLYPROPYLENE - PROPEL 1030FG - PP/ IOCL,806,,,FCB: Line-3 (BOPP)
B-TMP-022.0-XX-J,RM3300015,POLYPROPYLENE - ELTEX PKS 607(BOPP),17,,,FCB: Line-3 (BOPP)
B-TMP-022.0-XX-B,,,"1,000",350,6.75,
B-TUH-020.0-XX-J,RM3300015,POLYPROPYLENE - ELTEX PKS 607(BOPP),37.7,,,FCB: Line-3 (BOPP)
B-TUH-020.0-XX-J,RM3000040,POLYPROPYLENE - PROPEL 1030FG - PP/ IOCL,773.9,,,FCB: Line-3 (BOPP)
B-TUH-020.0-XX-J,RM3300249,POLYPROPYLENE - TAFMER PN3560,43.8,,,FCB: Line-3 (BOPP)
B-TUH-020.0-XX-J,RM3300165,TAFMER XM7070S,15,,,FCB: Line-3 (BOPP)
B-TUH-020.0-XX-J,RM3300049,POLYPROPYLENE - COSMOPLENE FS5612L,32.4,,,FCB: Line-3 (BOPP)
B-TUH-020.0-XX-J,RM3300004,POLYPROPYLENE - ADSYL 5C 39F,87,,,FCB: Line-3 (BOPP)
B-TUH-020.0-XX-J,RM3500004,POLYPROPYLENE - ABVT 22 SC,10.3,,,FCB: Line-3 (BOPP)
B-TUH-020.0-XX-B,,,"1,000",350,6.75,
B-TUS-025.0-XX-J,RM3000040,POLYPROPYLENE - PROPEL 1030FG - PP/ IOCL,896,,,FCB: Line-3 (BOPP)
B-TUS-025.0-XX-J,RM3300049,POLYPROPYLENE - COSMOPLENE FS5612L,39,,,FCB: Line-3 (BOPP)
B-TUS-025.0-XX-J,RM3300015,POLYPROPYLENE - ELTEX PKS 607(BOPP),24,,,FCB: Line-3 (BOPP)
B-TUS-025.0-XX-J,RM3300004,POLYPROPYLENE - ADSYL 5C 39F,35,,,FCB: Line-3 (BOPP)
B-TUS-025.0-XX-J,RM3500024,POLYPROPYLENE - HOBLOCK - 10 (PP),4,,,FCB: Line-3 (BOPP)
B-TUS-025.0-XX-J,RM3500004,POLYPROPYLENE - ABVT 22 SC,2,,,FCB: Line-3 (BOPP)
B-TUS-025.0-XX-M,,,"1,000",260,6.75,
B-THO-025.0-XX-J,RM3000040,POLYPROPYLENE - PROPEL 1030FG - PP,826.7,,,FCB: Line-3 (BOPP)
B-THO-025.0-XX-J,RM3300049,POLYPROPYLENE - COSMOPLENE FS5612L,28.2,,,FCB: Line-3 (BOPP)
B-THO-025.0-XX-J,B-RGG-0001,RGG,93.2,,,FCB: Line-3 (BOPP)
B-THO-025.0-XX-J,RM3300269,POLYPROPYLENE - CLYRELL RC 112L,14.4,,,FCB: Line-3 (BOPP)
B-THO-025.0-XX-J,RM3300267,POLYPROPYLENE - CLYRELL RC 6142,21.2,,,FCB: Line-3 (BOPP)
B-THO-025.0-XX-J,RM3500308,POLYPROPELENE - COBLASC 206 AA,12.1,,,FCB: Line-3 (BOPP)
B-THO-025.0-XX-J,RM3500265,SATO,2.2,,,FCB: Line-3 (BOPP)
B-THO-025.0-XX-J,RM3500099,POLYPROPYLENE - SKIBLOCK 10 (PP),0.4,,,FCB: Line-3 (BOPP)
B-THO-025.0-XX-J,RM3300165,TAFMER XM7070S,1.6,,,FCB: Line-3 (BOPP)
B-THO-025.0-XX-B,,Cheaper CP,"1,000",290,6.75,
B-THO-030.0-XX-J,RM3000040,POLYPROPYLENE - PROPEL 1030FG - PP,836.7,,,FCB: Line-3 (BOPP)
B-THO-030.0-XX-J,RM3300049,POLYPROPYLENE - COSMOPLENE FS5612L,23.5,,,FCB: Line-3 (BOPP)
B-THO-030.0-XX-J,B-RGG-0001,RGG,94.3,,,FCB: Line-3 (BOPP)
B-THO-030.0-XX-J,RM3300269,POLYPROPYLENE - CLYRELL RC 112L,12,,,FCB: Line-3 (BOPP)
B-THO-030.0-XX-J,RM3300267,POLYPROPYLENE - CLYRELL RC 6142,17.7,,,FCB: Line-3 (BOPP)
B-THO-030.0-XX-J,RM3500308,POLYPROPELENE - COBLASC 206 AA,12.3,,,FCB: Line-3 (BOPP)
B-THO-030.0-XX-J,RM3500265,SATO,1.9,,,FCB: Line-3 (BOPP)
B-THO-030.0-XX-J,RM3500099,POLYPROPYLENE - SKIBLOCK 10 (PP),0.3,,,FCB: Line-3 (BOPP)
B-THO-030.0-XX-J,RM3300165,TAFMER XM7070S,1.3,,,FCB: Line-3 (BOPP)
B-THO-030.0-XX-B,,Cheaper CP,"1,000",250,6.75,
B-TLP-025.0-XX-J,RM3300015,POLYPROPYLENE - ELTEX PKS 607(BOPP),21.2,,,FCB: Line-3 (BOPP)
B-TLP-025.0-XX-J,RM3500075,POLYPROPELENE - COEXAS 2 (PP),9.2,,,FCB: Line-3 (BOPP)
B-TLP-025.0-XX-J,RM3000040,POLYPROPYLENE - PROPEL 1030FG - PP/ IOCL,914.8,,,FCB: Line-3 (BOPP)
B-TLP-025.0-XX-J,RM3500004,POLYPROPYLENE - ABVT 22 SC,1.8,,,FCB: Line-3 (BOPP)
B-TLP-025.0-XX-J,RM3300004,POLYPROPYLENE - ADSYL 5C 39F,53,,,FCB: Line-3 (BOPP)
B-TLP-025.0-XX-J,,,"1,000",300,6.75,
B-LPS-0.020-XX-J,RM3500015,POLYPROPYLENE - ASCORE 3,12,,,FCB: Line-3 (BOPP)
B-LPS-0.020-XX-J,RM3000040,POLYPROPYLENE - PROPEL 1030FG - PP/ IOCL,944,,,FCB: Line-3 (BOPP)
B-LPS-0.020-XX-J,RM3500310,BLOCK 102A,1,,,FCB: Line-3 (BOPP)
B-LPS-0.020-XX-J,RM3300165,TAFMER XM7070S,1,,,FCB: Line-3 (BOPP)
B-LPS-0.020-XX-J,RM3500265,POLYPROPYLENE - 2C01A,1,,,FCB: Line-3 (BOPP)
B-LPS-0.020-XX-J,RM3300004,POLYPROPYLENE - ADSYL 5C 39F,41,,,FCB: Line-3 (BOPP)
B-LPS-020.0-XX-B,,,"1,000",380,6.75,
B-LPS-0.025-XX-J,RM3500015,POLYPROPYLENE - ASCORE 3,12,,,FCB: Line-3 (BOPP)
B-LPS-0.025-XX-J,RM3000040,POLYPROPYLENE - PROPEL 1030FG - PP/ IOCL,948,,,FCB: Line-3 (BOPP)
B-LPS-0.025-XX-J,RM3500310,BLOCK 102A,1,,,FCB: Line-3 (BOPP)
B-LPS-0.025-XX-J,RM3300165,TAFMER XM7070S,1,,,FCB: Line-3 (BOPP)
B-LPS-0.025-XX-J,RM3500265,POLYPROPYLENE - 2C01A,1,,,FCB: Line-3 (BOPP)
B-LPS-0.025-XX-J,RM3300004,POLYPROPYLENE - ADSYL 5C 39F,37,,,FCB: Line-3 (BOPP)
B-LPS-025.0-XX-B,,,"1,000",300,6.75,
B-TLP-025.0-XX-J,RM3300015,POLYPROPYLENE - ELTEX PKS 607(BOPP),22,,,FCB: Line-3 (BOPP)
B-TLP-025.0-XX-J,RM3300165,POLYPROPELENE - TEFMER -7070,1,,,FCB: Line-3 (BOPP)
B-TLP-025.0-XX-J,RM3500034,POLYPROPELENE - SATO-62,1,,,FCB: Line-3 (BOPP)
B-TLP-025.0-XX-J,RM3000040,POLYPROPYLENE - PROPEL 1030FG - PP/ IOCL,768.5,,,FCB: Line-3 (BOPP)
B-TLP-025.0-XX-J,RM3500290,POLYPROPYLENE - ABVT 22 NSC,1.5,,,FCB: Line-3 (BOPP)
B-TLP-025.0-XX-J,RM3300004,POLYPROPYLENE - 5C39F,63,,,FCB: Line-3 (BOPP)
B-TLP-025.0-XX-J,RM3500099,POLYPROPYLENE - SKIBLOCK-10,0.5,,,FCB: Line-3 (BOPP)
B-TLP-025.0-XX-J,RM3500308,POLYPROPYLENE - COBLAS-206 AA,10.5,,,FCB: Line-3 (BOPP)
B-TLP-025.0-XX-J,B-RGG-0001,RGG,132,,,FCB: Line-3 (BOPP)
B-TLP-025.0-XX-J,,,"1,000",300,6.75,
B-TLP-020.0-XX-J,RM3300015,POLYPROPYLENE - ELTEX PKS 607(BOPP),22,,,FCB: Line-3 (BOPP)
B-TLP-020.0-XX-J,RM3300165,POLYPROPELENE - TEFMER -7070,1,,,FCB: Line-3 (BOPP)
B-TLP-020.0-XX-J,RM3500034,POLYPROPELENE - SATO-62,1,,,FCB: Line-3 (BOPP)
B-TLP-020.0-XX-J,RM3000040,POLYPROPYLENE - PROPEL 1030FG - PP/ IOCL,768.5,,,FCB: Line-3 (BOPP)
B-TLP-020.0-XX-J,RM3500290,POLYPROPYLENE - ABVT 22 NSC,1.5,,,FCB: Line-3 (BOPP)
B-TLP-020.0-XX-J,RM3300004,POLYPROPYLENE - 5C39F,63,,,FCB: Line-3 (BOPP)
B-TLP-020.0-XX-J,RM3500099,POLYPROPYLENE - SKIBLOCK-10,0.5,,,FCB: Line-3 (BOPP)
B-TLP-020.0-XX-J,RM3500308,POLYPROPYLENE - COBLAS-206 AA,10.5,,,FCB: Line-3 (BOPP)
B-TLP-020.0-XX-J,B-RGG-0001,RGG,132,,,FCB: Line-3 (BOPP)
B-TLP-020.0-XX-J,,,"1,000",400,6.75,
B-TRP-023.0-XX-J,RM3000090,POLYPROPYLENE - PROPEL 1030FG - PP,699.5,,,FCB: Line-3 (BOPP)
B-TRP-023.0-XX-J,B-RGG-0001,RGG,291.7,,,FCB: Line-3 (BOPP)
B-TRP-023.0-XX-J,RM3500307, ASC-106,7.3,,,FCB: Line-3 (BOPP)
B-TRP-023.0-XX-J,RM3500310,BLOCK 102A,1.5,,,FCB: Line-3 (BOPP)
B-TRP-023.0-XX-B,,,"1,000",350,6.75,
